año,mes,nombre,reparticion,asignacion_nominal,aguinaldo_nominal,bruto_nominal,asignacion_precios_2T2026,aguinaldo_precios_2T2026,bruto_precios_2T2026
2025,1,"ANTIÑOLO, DARIO FABIAN",SECR Transito,1631787.04,0.0,1631787.04,2373741.85,0.0,2373741.85
2025,2,"ANTIÑOLO, DARIO FABIAN",SECR Transito,6425162.180000001,0.0,6425162.180000001,9158351.91,0.0,9158351.91
2025,3,"ANTIÑOLO, DARIO FABIAN",SECR Transito,6425162.180000001,0.0,6425162.180000001,8877204.99,0.0,8877204.99
2025,4,"ANTIÑOLO, DARIO FABIAN",SECR Transito,6425162.180000001,0.0,6425162.180000001,8676250.5,0.0,8676250.5
2025,5,"ANTIÑOLO, DARIO FABIAN",SECR Transito,7003425.56,0.0,7003425.56,9310847.45,0.0,9310847.45
2025,6,"ANTIÑOLO, DARIO FABIAN",SECR Transito,7003425.56,3073725.66,10077151.22,9115115.71,4000523.0,13115638.71
2025,7,"ANTIÑOLO, DARIO FABIAN",SECR Transito,7003425.56,0.0,7003425.56,8893819.87,0.0,8893819.87
2025,8,"ANTIÑOLO, DARIO FABIAN",SECR Transito,7213527.99,0.0,7213527.99,9017397.7,0.0,9017397.7
2025,9,"ANTIÑOLO, DARIO FABIAN",SECR Transito,7213527.99,0.0,7213527.99,8822590.52,0.0,8822590.52
2025,10,"ANTIÑOLO, DARIO FABIAN",SECR Transito,7213527.99,0.0,7213527.99,8635937.44,0.0,8635937.44
2025,11,"ANTIÑOLO, DARIO FABIAN",SECR Transito,7574204.4,0.0,7574204.4,8854114.62,0.0,8854114.62
2025,12,"ANTIÑOLO, DARIO FABIAN",SECR Transito,7574204.4,3787102.2,11361306.6,8624312.41,4312156.2,12936468.61
2025,1,"ARENGO PIRAGINE, GUSTAVO",Ministerio de Hacienda y Finanzas,6734049.390000001,0.0,6734049.390000001,9795944.24,0.0,9795944.24
2025,2,"ARENGO PIRAGINE, GUSTAVO",Ministerio de Hacienda y Finanzas,7070752.64,0.0,7070752.64,10078569.09,0.0,10078569.09
2025,3,"ARENGO PIRAGINE, GUSTAVO",Ministerio de Hacienda y Finanzas,7070752.64,0.0,7070752.64,9769172.96,0.0,9769172.96
2025,4,"ARENGO PIRAGINE, GUSTAVO",Ministerio de Hacienda y Finanzas,7070752.64,0.0,7070752.64,9548026.87,0.0,9548026.87
2025,5,"ARENGO PIRAGINE, GUSTAVO",Ministerio de Hacienda y Finanzas,7707119.04,0.0,7707119.04,10246387.15,0.0,10246387.15
2025,6,"ARENGO PIRAGINE, GUSTAVO",Ministerio de Hacienda y Finanzas,7707119.04,3853559.52,11560678.56,10030988.58,5015494.29,15046482.87
2025,7,"ARENGO PIRAGINE, GUSTAVO",Ministerio de Hacienda y Finanzas,7707119.04,0.0,7707119.04,9787457.27,0.0,9787457.27
2025,8,"ARENGO PIRAGINE, GUSTAVO",Ministerio de Hacienda y Finanzas,7938332.239999999,0.0,7938332.239999999,9923452.02,0.0,9923452.02
2025,9,"ARENGO PIRAGINE, GUSTAVO",Ministerio de Hacienda y Finanzas,7938332.239999999,0.0,7938332.239999999,9709070.91,0.0,9709070.91
2025,10,"ARENGO PIRAGINE, GUSTAVO",Ministerio de Hacienda y Finanzas,7938332.239999999,0.0,7938332.239999999,9503663.21,0.0,9503663.21
2025,11,"ARENGO PIRAGINE, GUSTAVO",Ministerio de Hacienda y Finanzas,8335248.850000001,0.0,8335248.850000001,9743762.48,0.0,9743762.48
2025,12,"ARENGO PIRAGINE, GUSTAVO",Ministerio de Hacienda y Finanzas,8335248.850000001,4167624.43,12502873.28,9490870.1,4745435.06,14236305.16
2025,1,"BAISTROCCHI, IGNACIO MIGUEL",Ministerio de Espacio Publico e Higiene Urbana,6734049.390000001,0.0,6734049.390000001,9795944.24,0.0,9795944.24
2025,2,"BAISTROCCHI, IGNACIO MIGUEL",Ministerio de Espacio Publico e Higiene Urbana,7070752.64,0.0,7070752.64,10078569.09,0.0,10078569.09
2025,3,"BAISTROCCHI, IGNACIO MIGUEL",Ministerio de Espacio Publico e Higiene Urbana,7070752.64,0.0,7070752.64,9769172.96,0.0,9769172.96
2025,4,"BAISTROCCHI, IGNACIO MIGUEL",Ministerio de Espacio Publico e Higiene Urbana,7070752.64,0.0,7070752.64,9548026.87,0.0,9548026.87
2025,5,"BAISTROCCHI, IGNACIO MIGUEL",Ministerio de Espacio Publico e Higiene Urbana,7707119.04,0.0,7707119.04,10246387.15,0.0,10246387.15
2025,6,"BAISTROCCHI, IGNACIO MIGUEL",Ministerio de Espacio Publico e Higiene Urbana,7707119.04,3853559.52,11560678.56,10030988.58,5015494.29,15046482.87
2025,7,"BAISTROCCHI, IGNACIO MIGUEL",Ministerio de Espacio Publico e Higiene Urbana,7707119.04,0.0,7707119.04,9787457.27,0.0,9787457.27
2025,8,"BAISTROCCHI, IGNACIO MIGUEL",Ministerio de Espacio Publico e Higiene Urbana,7938332.239999999,0.0,7938332.239999999,9923452.02,0.0,9923452.02
2025,9,"BAISTROCCHI, IGNACIO MIGUEL",Ministerio de Espacio Publico e Higiene Urbana,7938332.239999999,0.0,7938332.239999999,9709070.91,0.0,9709070.91
2025,10,"BAISTROCCHI, IGNACIO MIGUEL",Ministerio de Espacio Publico e Higiene Urbana,7938332.239999999,0.0,7938332.239999999,9503663.21,0.0,9503663.21
2025,11,"BAISTROCCHI, IGNACIO MIGUEL",Ministerio de Espacio Publico e Higiene Urbana,8335248.850000001,0.0,8335248.850000001,9743762.48,0.0,9743762.48
2025,12,"BAISTROCCHI, IGNACIO MIGUEL",Ministerio de Espacio Publico e Higiene Urbana,8335248.850000001,4167624.43,12502873.28,9490870.1,4745435.06,14236305.16
2025,1,"BERECIARTUA,PABLO",Ministerio de Infraestructura,6734049.390000001,0.0,6734049.390000001,9795944.24,0.0,9795944.24
2025,2,"BERECIARTUA,PABLO",Ministerio de Infraestructura,7070752.64,0.0,7070752.64,10078569.09,0.0,10078569.09
2025,3,"BERECIARTUA,PABLO",Ministerio de Infraestructura,7070752.64,0.0,7070752.64,9769172.96,0.0,9769172.96
2025,4,"BERECIARTUA,PABLO",Ministerio de Infraestructura,7070752.64,0.0,7070752.64,9548026.87,0.0,9548026.87
2025,5,"BERECIARTUA,PABLO",Ministerio de Infraestructura,7707119.04,0.0,7707119.04,10246387.15,0.0,10246387.15
2025,6,"BERECIARTUA,PABLO",Ministerio de Infraestructura,7707119.04,3853559.52,11560678.56,10030988.58,5015494.29,15046482.87
2025,7,"BERECIARTUA,PABLO",Ministerio de Infraestructura,7707119.04,0.0,7707119.04,9787457.27,0.0,9787457.27
2025,8,"BERECIARTUA,PABLO",Ministerio de Infraestructura,7938332.239999999,0.0,7938332.239999999,9923452.02,0.0,9923452.02
2025,9,"BERECIARTUA,PABLO",Ministerio de Infraestructura,7938332.239999999,0.0,7938332.239999999,9709070.91,0.0,9709070.91
2025,10,"BERECIARTUA,PABLO",Ministerio de Infraestructura,7938332.239999999,0.0,7938332.239999999,9503663.21,0.0,9503663.21
2025,11,"BERECIARTUA,PABLO",Ministerio de Infraestructura,8335248.850000001,0.0,8335248.850000001,9743762.48,0.0,9743762.48
2025,12,"BERECIARTUA,PABLO",Ministerio de Infraestructura,8335248.850000001,4167624.43,12502873.28,9490870.1,4745435.06,14236305.16
2025,9,"COMIN VILLANUEVA, PEDRO MARTIN",SECR Orden e Higiene,7213527.99,0.0,7213527.99,8822590.52,0.0,8822590.52
2025,10,"COMIN VILLANUEVA, PEDRO MARTIN",SECR Orden e Higiene,7213527.99,0.0,7213527.99,8635937.44,0.0,8635937.44
2025,11,"COMIN VILLANUEVA, PEDRO MARTIN",SECR Orden e Higiene,7574204.4,0.0,7574204.4,8854114.62,0.0,8854114.62
2025,12,"COMIN VILLANUEVA, PEDRO MARTIN",SECR Orden e Higiene,7574204.4,2524734.8,10098939.2,8624312.41,2874770.8,11499083.21
2025,1,"DAGLIO, EZEQUIEL AGUSTIN",SECR Seguridad,6119201.4,0.0,6119201.4,8901531.94,0.0,8901531.94
2025,2,"DAGLIO, EZEQUIEL AGUSTIN",SECR Seguridad,6425162.180000001,0.0,6425162.180000001,9158351.91,0.0,9158351.91
2025,3,"DAGLIO, EZEQUIEL AGUSTIN",SECR Seguridad,2141720.72,1249337.09,3391057.810000001,2959068.32,1726123.19,4685191.51
2025,1,"DIAZ GILLIGAN, VALENTIN",Ente de Turismo de la Ciud Autonoma de Bs As  Ley N? 2627,6119201.4,0.0,6119201.4,8901531.94,0.0,8901531.94
2025,2,"DIAZ GILLIGAN, VALENTIN",Ente de Turismo de la Ciud Autonoma de Bs As  Ley N? 2627,6425162.180000001,0.0,6425162.180000001,9158351.91,0.0,9158351.91
2025,3,"DIAZ GILLIGAN, VALENTIN",Ente de Turismo de la Ciud Autonoma de Bs As  Ley N? 2627,6425162.180000001,0.0,6425162.180000001,8877204.99,0.0,8877204.99
2025,4,"DIAZ GILLIGAN, VALENTIN",Ente de Turismo de la Ciud Autonoma de Bs As  Ley N? 2627,6425162.180000001,0.0,6425162.180000001,8676250.5,0.0,8676250.5
2025,5,"DIAZ GILLIGAN, VALENTIN",Ente de Turismo de la Ciud Autonoma de Bs As  Ley N? 2627,7003425.56,0.0,7003425.56,9310847.45,0.0,9310847.45
2025,6,"DIAZ GILLIGAN, VALENTIN",Ente de Turismo de la Ciud Autonoma de Bs As  Ley N? 2627,7003425.56,3501712.78,10505138.34,9115115.71,4557557.85,13672673.56
2025,7,"DIAZ GILLIGAN, VALENTIN",Ente de Turismo de la Ciud Autonoma de Bs As  Ley N? 2627,7003425.56,0.0,7003425.56,8893819.87,0.0,8893819.87
2025,8,"DIAZ GILLIGAN, VALENTIN",Ente de Turismo de la Ciud Autonoma de Bs As  Ley N? 2627,7213527.99,0.0,7213527.99,9017397.7,0.0,9017397.7
2025,9,"DIAZ GILLIGAN, VALENTIN",Ente de Turismo de la Ciud Autonoma de Bs As  Ley N? 2627,7213527.99,0.0,7213527.99,8822590.52,0.0,8822590.52
2025,10,"DIAZ GILLIGAN, VALENTIN",Ente de Turismo de la Ciud Autonoma de Bs As  Ley N? 2627,7213527.99,0.0,7213527.99,8635937.44,0.0,8635937.44
2025,11,"DIAZ GILLIGAN, VALENTIN",Ente de Turismo de la Ciud Autonoma de Bs As  Ley N? 2627,7574204.4,0.0,7574204.4,8854114.62,0.0,8854114.62
2025,12,"DIAZ GILLIGAN, VALENTIN",Ente de Turismo de la Ciud Autonoma de Bs As  Ley N? 2627,7574204.4,3787102.2,11361306.6,8624312.41,4312156.2,12936468.61
2025,1,"DJIVARIS, JORGE",SECR Justicia,6119201.4,0.0,6119201.4,8901531.94,0.0,8901531.94
2025,2,"DJIVARIS, JORGE",SECR Justicia,6425162.180000001,973509.42,7398671.600000001,9158351.91,1387629.08,10545980.99
2025,1,"FREDA, MONICA BEATRIZ",Sindicatura General de la Ciudad de Buenos Aires,6734049.390000001,0.0,6734049.390000001,9795944.24,0.0,9795944.24
2025,2,"FREDA, MONICA BEATRIZ",Sindicatura General de la Ciudad de Buenos Aires,7070752.64,0.0,7070752.64,10078569.09,0.0,10078569.09
2025,3,"FREDA, MONICA BEATRIZ",Sindicatura General de la Ciudad de Buenos Aires,7070752.64,0.0,7070752.64,9769172.96,0.0,9769172.96
2025,4,"FREDA, MONICA BEATRIZ",Sindicatura General de la Ciudad de Buenos Aires,7070752.64,0.0,7070752.64,9548026.87,0.0,9548026.87
2025,5,"FREDA, MONICA BEATRIZ",Sindicatura General de la Ciudad de Buenos Aires,7707119.04,0.0,7707119.04,10246387.15,0.0,10246387.15
2025,6,"FREDA, MONICA BEATRIZ",Sindicatura General de la Ciudad de Buenos Aires,7707119.04,3853559.52,11560678.56,10030988.58,5015494.29,15046482.87
2025,7,"FREDA, MONICA BEATRIZ",Sindicatura General de la Ciudad de Buenos Aires,7707119.04,0.0,7707119.04,9787457.27,0.0,9787457.27
2025,8,"FREDA, MONICA BEATRIZ",Sindicatura General de la Ciudad de Buenos Aires,7938332.239999999,0.0,7938332.239999999,9923452.02,0.0,9923452.02
2025,9,"FREDA, MONICA BEATRIZ",Sindicatura General de la Ciudad de Buenos Aires,7938332.239999999,0.0,7938332.239999999,9709070.91,0.0,9709070.91
2025,10,"FREDA, MONICA BEATRIZ",Sindicatura General de la Ciudad de Buenos Aires,7938332.239999999,0.0,7938332.239999999,9503663.21,0.0,9503663.21
2025,11,"FREDA, MONICA BEATRIZ",Sindicatura General de la Ciudad de Buenos Aires,8335248.850000001,0.0,8335248.850000001,9743762.48,0.0,9743762.48
2025,12,"FREDA, MONICA BEATRIZ",Sindicatura General de la Ciudad de Buenos Aires,8335248.850000001,4167624.43,12502873.28,9490870.1,4745435.06,14236305.16
2025,1,"GAGO, GUSTAVO ARIEL",SECR Comunicacion,6558378.539999999,0.0,6558378.539999999,9540397.88,0.0,9540397.88
2025,2,"GAGO, GUSTAVO ARIEL",SECR Comunicacion,6886298.22,0.0,6886298.22,9815649.89,0.0,9815649.89
2025,3,"GAGO, GUSTAVO ARIEL",SECR Comunicacion,6886298.22,0.0,6886298.22,9514324.96,0.0,9514324.96
2025,4,"GAGO, GUSTAVO ARIEL",SECR Comunicacion,6886298.22,0.0,6886298.22,9298947.91,0.0,9298947.91
2025,5,"GAGO, GUSTAVO ARIEL",SECR Comunicacion,7506063.760000001,0.0,7506063.760000001,9979090.09,0.0,9979090.09
2025,6,"GAGO, GUSTAVO ARIEL",SECR Comunicacion,7506063.760000001,3753031.88,11259095.64,9769310.62,4884655.31,14653965.93
2025,7,"GAGO, GUSTAVO ARIEL",SECR Comunicacion,7506063.760000001,0.0,7506063.760000001,9532132.3,0.0,9532132.3
2025,8,"GAGO, GUSTAVO ARIEL",SECR Comunicacion,7731245.31,0.0,7731245.31,9664579.35,0.0,9664579.35
2025,9,"GAGO, GUSTAVO ARIEL",SECR Comunicacion,7731245.31,0.0,7731245.31,9455790.8,0.0,9455790.8
2025,10,"GAGO, GUSTAVO ARIEL",SECR Comunicacion,7731245.31,0.0,7731245.31,9255741.56,0.0,9255741.56
2025,11,"GAGO, GUSTAVO ARIEL",SECR Comunicacion,8117807.58,0.0,8117807.58,9489577.38,0.0,9489577.38
2025,12,"GAGO, GUSTAVO ARIEL",SECR Comunicacion,8117807.58,4058903.79,12176711.37,9243282.19,4621641.1,13864923.29
2025,3,"GIMENEZ, HORACIO ALBERTO",Ministerio de Seguridad,6127985.62,0.0,6127985.62,8466616.56,0.0,8466616.56
2025,4,"GIMENEZ, HORACIO ALBERTO",Ministerio de Seguridad,7070752.64,0.0,7070752.64,9548026.87,0.0,9548026.87
2025,5,"GIMENEZ, HORACIO ALBERTO",Ministerio de Seguridad,7707119.04,0.0,7707119.04,10246387.15,0.0,10246387.15
2025,6,"GIMENEZ, HORACIO ALBERTO",Ministerio de Seguridad,7707119.04,2483405.02,10190524.06,10030988.58,3232207.43,13263196.01
2025,7,"GIMENEZ, HORACIO ALBERTO",Ministerio de Seguridad,7707119.04,0.0,7707119.04,9787457.27,0.0,9787457.27
2025,8,"GIMENEZ, HORACIO ALBERTO",Ministerio de Seguridad,7938332.239999999,0.0,7938332.239999999,9923452.02,0.0,9923452.02
2025,9,"GIMENEZ, HORACIO ALBERTO",Ministerio de Seguridad,7938332.239999999,0.0,7938332.239999999,9709070.91,0.0,9709070.91
2025,10,"GIMENEZ, HORACIO ALBERTO",Ministerio de Seguridad,7938332.239999999,0.0,7938332.239999999,9503663.21,0.0,9503663.21
2025,11,"GIMENEZ, HORACIO ALBERTO",Ministerio de Seguridad,8335248.850000001,0.0,8335248.850000001,9743762.48,0.0,9743762.48
2025,12,"GIMENEZ, HORACIO ALBERTO",Ministerio de Seguridad,8335248.850000001,4167624.43,12502873.28,9490870.1,4745435.06,14236305.16
2025,1,"GONZALEZ BERNALDO DE QUIROS, FERNAN",Ministerio de Salud,6734049.390000001,0.0,6734049.390000001,9795944.24,0.0,9795944.24
2025,2,"GONZALEZ BERNALDO DE QUIROS, FERNAN",Ministerio de Salud,7070752.64,0.0,7070752.64,10078569.09,0.0,10078569.09
2025,3,"GONZALEZ BERNALDO DE QUIROS, FERNAN",Ministerio de Salud,7070752.64,0.0,7070752.64,9769172.96,0.0,9769172.96
2025,4,"GONZALEZ BERNALDO DE QUIROS, FERNAN",Ministerio de Salud,7070752.64,0.0,7070752.64,9548026.87,0.0,9548026.87
2025,5,"GONZALEZ BERNALDO DE QUIROS, FERNAN",Ministerio de Salud,7707119.04,0.0,7707119.04,10246387.15,0.0,10246387.15
2025,6,"GONZALEZ BERNALDO DE QUIROS, FERNAN",Ministerio de Salud,7707119.04,3853559.52,11560678.56,10030988.58,5015494.29,15046482.87
2025,7,"GONZALEZ BERNALDO DE QUIROS, FERNAN",Ministerio de Salud,7707119.04,0.0,7707119.04,9787457.27,0.0,9787457.27
2025,8,"GONZALEZ BERNALDO DE QUIROS, FERNAN",Ministerio de Salud,7938332.239999999,0.0,7938332.239999999,9923452.02,0.0,9923452.02
2025,9,"GONZALEZ BERNALDO DE QUIROS, FERNAN",Ministerio de Salud,7938332.239999999,0.0,7938332.239999999,9709070.91,0.0,9709070.91
2025,10,"GONZALEZ BERNALDO DE QUIROS, FERNAN",Ministerio de Salud,7938332.239999999,0.0,7938332.239999999,9503663.21,0.0,9503663.21
2025,11,"GONZALEZ BERNALDO DE QUIROS, FERNAN",Ministerio de Salud,8335248.850000001,0.0,8335248.850000001,9743762.48,0.0,9743762.48
2025,12,"GONZALEZ BERNALDO DE QUIROS, FERNAN",Ministerio de Salud,8335248.850000001,4167624.43,12502873.28,9490870.1,4745435.06,14236305.16
2025,1,"GRINDETTI,NESTOR OSVALDO",Jefatura de Gabinete de Ministros,1795746.5,149645.54,1945392.04,2612251.79,217687.65,2829939.44
2025,1,"GRINDETTI,NESTOR OSVALDO",Unidad de Asuntos Politicos,4938302.88,0.0,4938302.88,7183692.44,0.0,7183692.44
2025,2,"GRINDETTI,NESTOR OSVALDO",Unidad de Asuntos Politicos,3299684.57,673404.94,3973089.51,4703332.25,959863.62,5663195.87
2025,3,"GRIPPO, JOSE MARIA",SECR Legal y Tecnica,3672692.38,0.0,3672692.38,5074306.64,0.0,5074306.64
2025,4,"GRIPPO, JOSE MARIA",SECR Legal y Tecnica,6886298.22,0.0,6886298.22,9298947.91,0.0,9298947.91
2025,5,"GRIPPO, JOSE MARIA",SECR Legal y Tecnica,7506063.760000001,0.0,7506063.760000001,9979090.09,0.0,9979090.09
2025,6,"GRIPPO, JOSE MARIA",SECR Legal y Tecnica,7506063.760000001,2210118.77,9716182.530000001,9769310.62,2876519.23,12645829.85
2025,7,"GRIPPO, JOSE MARIA",SECR Legal y Tecnica,7506063.760000001,0.0,7506063.760000001,9532132.3,0.0,9532132.3
2025,8,"GRIPPO, JOSE MARIA",SECR Legal y Tecnica,7731245.31,0.0,7731245.31,9664579.35,0.0,9664579.35
2025,9,"GRIPPO, JOSE MARIA",SECR Legal y Tecnica,7731245.31,0.0,7731245.31,9455790.8,0.0,9455790.8
2025,10,"GRIPPO, JOSE MARIA",SECR Legal y Tecnica,7731245.31,0.0,7731245.31,9255741.56,0.0,9255741.56
2025,11,"GRIPPO, JOSE MARIA",SECR Legal y Tecnica,8117807.58,0.0,8117807.58,9489577.38,0.0,9489577.38
2025,12,"GRIPPO, JOSE MARIA",SECR Legal y Tecnica,8117807.58,4058903.79,12176711.37,9243282.19,4621641.1,13864923.29
2025,1,"KRANTZER, HECTOR GUILLERMO",SECR Transporte,6119201.4,0.0,6119201.4,8901531.94,0.0,8901531.94
2025,2,"KRANTZER, HECTOR GUILLERMO",SECR Transporte,6425162.180000001,0.0,6425162.180000001,9158351.91,0.0,9158351.91
2025,3,"KRANTZER, HECTOR GUILLERMO",SECR Transporte,6425162.180000001,0.0,6425162.180000001,8877204.99,0.0,8877204.99
2025,4,"KRANTZER, HECTOR GUILLERMO",SECR Transporte,6425162.180000001,0.0,6425162.180000001,8676250.5,0.0,8676250.5
2025,5,"KRANTZER, HECTOR GUILLERMO",SECR Transporte,7003425.56,0.0,7003425.56,9310847.45,0.0,9310847.45
2025,6,"KRANTZER, HECTOR GUILLERMO",SECR Transporte,7003425.56,3501712.78,10505138.34,9115115.71,4557557.85,13672673.56
2025,7,"KRANTZER, HECTOR GUILLERMO",SECR Transporte,7003425.56,0.0,7003425.56,8893819.87,0.0,8893819.87
2025,8,"KRANTZER, HECTOR GUILLERMO",SECR Transporte,7213527.99,0.0,7213527.99,9017397.7,0.0,9017397.7
2025,9,"KRANTZER, HECTOR GUILLERMO",SECR Transporte,7213527.99,0.0,7213527.99,8822590.52,0.0,8822590.52
2025,10,"KRANTZER, HECTOR GUILLERMO",SECR Transporte,7213527.99,0.0,7213527.99,8635937.44,0.0,8635937.44
2025,11,"KRANTZER, HECTOR GUILLERMO",SECR Transporte,7574204.4,0.0,7574204.4,8854114.62,0.0,8854114.62
2025,12,"KRANTZER, HECTOR GUILLERMO",SECR Transporte,7574204.4,3787102.2,11361306.6,8624312.41,4312156.2,12936468.61
2025,3,"LOMBARDI,HERNAN SANTIAGO",Ministerio de Desarrollo Economico,4713835.1,0.0,4713835.1,6512781.98,0.0,6512781.98
2025,4,"LOMBARDI,HERNAN SANTIAGO",Ministerio de Desarrollo Economico,7070752.64,0.0,7070752.64,9548026.87,0.0,9548026.87
2025,5,"LOMBARDI,HERNAN SANTIAGO",Ministerio de Desarrollo Economico,7707119.04,0.0,7707119.04,10246387.15,0.0,10246387.15
2025,6,"LOMBARDI,HERNAN SANTIAGO",Ministerio de Desarrollo Economico,7707119.04,2354953.04,10062072.08,10030988.58,3065024.29,13096012.87
2025,7,"LOMBARDI,HERNAN SANTIAGO",Ministerio de Desarrollo Economico,7707119.04,0.0,7707119.04,9787457.27,0.0,9787457.27
2025,8,"LOMBARDI,HERNAN SANTIAGO",Ministerio de Desarrollo Economico,7938332.239999999,0.0,7938332.239999999,9923452.02,0.0,9923452.02
2025,9,"LOMBARDI,HERNAN SANTIAGO",Ministerio de Desarrollo Economico,7938332.239999999,0.0,7938332.239999999,9709070.91,0.0,9709070.91
2025,10,"LOMBARDI,HERNAN SANTIAGO",Ministerio de Desarrollo Economico,7938332.239999999,0.0,7938332.239999999,9503663.21,0.0,9503663.21
2025,11,"LOMBARDI,HERNAN SANTIAGO",Ministerio de Desarrollo Economico,8335248.850000001,0.0,8335248.850000001,9743762.48,0.0,9743762.48
2025,12,"LOMBARDI,HERNAN SANTIAGO",Ministerio de Desarrollo Economico,8335248.850000001,4167624.43,12502873.28,9490870.1,4745435.06,14236305.16
2025,1,"LOPEZ PRESA, RAUL",SECR Coordinacion,6119201.4,0.0,6119201.4,8901531.94,0.0,8901531.94
2025,2,"LOPEZ PRESA, RAUL",SECR Coordinacion,6425162.180000001,0.0,6425162.180000001,9158351.91,0.0,9158351.91
2025,3,"LOPEZ PRESA, RAUL",SECR Coordinacion,6425162.180000001,0.0,6425162.180000001,8877204.99,0.0,8877204.99
2025,4,"LOPEZ PRESA, RAUL",SECR Coordinacion,6425162.180000001,0.0,6425162.180000001,8676250.5,0.0,8676250.5
2025,5,"LOPEZ PRESA, RAUL",SECR Coordinacion,7003425.56,0.0,7003425.56,9310847.45,0.0,9310847.45
2025,6,"LOPEZ PRESA, RAUL",SECR Coordinacion,7003425.56,3501712.78,10505138.34,9115115.71,4557557.85,13672673.56
2025,7,"LOPEZ PRESA, RAUL",SECR Coordinacion,7003425.56,0.0,7003425.56,8893819.87,0.0,8893819.87
2025,8,"LOPEZ PRESA, RAUL",SECR Coordinacion,7213527.99,0.0,7213527.99,9017397.7,0.0,9017397.7
2025,9,"LOPEZ PRESA, RAUL",SECR Coordinacion,7213527.99,0.0,7213527.99,8822590.52,0.0,8822590.52
2025,10,"LOPEZ PRESA, RAUL",SECR Coordinacion,7213527.99,0.0,7213527.99,8635937.44,0.0,8635937.44
2025,11,"LOPEZ PRESA, RAUL",SECR Coordinacion,7574204.4,0.0,7574204.4,8854114.62,0.0,8854114.62
2025,12,"LOPEZ PRESA, RAUL",SECR Coordinacion,7574204.4,3787102.2,11361306.6,8624312.41,4312156.2,12936468.61
2025,1,"MACRI, JORGE",Jefe de Gobierno,8282328.37,0.0,8282328.37,12048207.88,0.0,12048207.88
2025,2,"MACRI, JORGE",Jefe de Gobierno,8530798.22,0.0,8530798.22,12159701.19,0.0,12159701.19
2025,3,"MACRI, JORGE",Jefe de Gobierno,8530798.22,0.0,8530798.22,11786417.59,0.0,11786417.59
2025,4,"MACRI, JORGE",Jefe de Gobierno,8795252.97,0.0,8795252.97,11876714.68,0.0,11876714.68
2025,5,"MACRI, JORGE",Jefe de Gobierno,9322968.15,0.0,9322968.15,12394610.82,0.0,12394610.82
2025,6,"MACRI, JORGE",Jefe de Gobierno,9322968.15,4661484.08,13984452.23,12134052.5,6067026.26,18201078.76
2025,7,"MACRI, JORGE",Jefe de Gobierno,9322968.15,0.0,9322968.15,11839463.22,0.0,11839463.22
2025,8,"MACRI, JORGE",Jefe de Gobierno,9742501.71,0.0,9742501.71,12178785.84,0.0,12178785.84
2025,9,"MACRI, JORGE",Jefe de Gobierno,9742501.71,0.0,9742501.71,11915681.67,0.0,11915681.67
2025,10,"MACRI, JORGE",Jefe de Gobierno,9888639.24,0.0,9888639.24,11838544.19,0.0,11838544.19
2025,11,"MACRI, JORGE",Jefe de Gobierno,10383071.2,0.0,10383071.2,12137631.57,0.0,12137631.57
2025,12,"MACRI, JORGE",Jefe de Gobierno,10383071.2,5191535.6,15574606.8,11822608.03,5911304.02,17733912.05
2025,1,"MIGUEL, MARIA DE LAS MERCEDES",Ministerio de Educacion,6734049.390000001,0.0,6734049.390000001,9795944.24,0.0,9795944.24
2025,2,"MIGUEL, MARIA DE LAS MERCEDES",Ministerio de Educacion,7070752.64,0.0,7070752.64,10078569.09,0.0,10078569.09
2025,3,"MIGUEL, MARIA DE LAS MERCEDES",Ministerio de Educacion,7070752.64,0.0,7070752.64,9769172.96,0.0,9769172.96
2025,4,"MIGUEL, MARIA DE LAS MERCEDES",Ministerio de Educacion,7070752.64,0.0,7070752.64,9548026.87,0.0,9548026.87
2025,5,"MIGUEL, MARIA DE LAS MERCEDES",Ministerio de Educacion,7707119.04,0.0,7707119.04,10246387.15,0.0,10246387.15
2025,6,"MIGUEL, MARIA DE LAS MERCEDES",Ministerio de Educacion,7707119.04,3853559.52,11560678.56,10030988.58,5015494.29,15046482.87
2025,7,"MIGUEL, MARIA DE LAS MERCEDES",Ministerio de Educacion,7707119.04,0.0,7707119.04,9787457.27,0.0,9787457.27
2025,8,"MIGUEL, MARIA DE LAS MERCEDES",Ministerio de Educacion,7938332.239999999,0.0,7938332.239999999,9923452.02,0.0,9923452.02
2025,9,"MIGUEL, MARIA DE LAS MERCEDES",Ministerio de Educacion,7938332.239999999,0.0,7938332.239999999,9709070.91,0.0,9709070.91
2025,10,"MIGUEL, MARIA DE LAS MERCEDES",Ministerio de Educacion,7938332.239999999,0.0,7938332.239999999,9503663.21,0.0,9503663.21
2025,11,"MIGUEL, MARIA DE LAS MERCEDES",Ministerio de Educacion,8335248.850000001,0.0,8335248.850000001,9743762.48,0.0,9743762.48
2025,12,"MIGUEL, MARIA DE LAS MERCEDES",Ministerio de Educacion,8335248.850000001,4167624.43,12502873.28,9490870.1,4745435.06,14236305.16
2025,1,"MONTIEL, MARIA LETICIA",SECR Legal y Tecnica,6558378.539999999,0.0,6558378.539999999,9540397.88,0.0,9540397.88
2025,2,"MONTIEL, MARIA LETICIA",SECR Legal y Tecnica,6886298.22,0.0,6886298.22,9815649.89,0.0,9815649.89
2025,3,"MONTIEL, MARIA LETICIA",SECR Legal y Tecnica,3213605.84,1415516.86,4629122.7,4440018.32,1955722.36,6395740.68
2025,2,"MORALES GORLERI, VICTORIA","Consejo de los Derechos de Ni?as, Ni?os y Adoles - Presidencia",6425162.180000001,0.0,6425162.180000001,9158351.91,0.0,9158351.91
2025,3,"MORALES GORLERI, VICTORIA","Consejo de los Derechos de Ni?as, Ni?os y Adoles - Presidencia",6425162.180000001,0.0,6425162.180000001,8877204.99,0.0,8877204.99
2025,4,"MORALES GORLERI, VICTORIA","Consejo de los Derechos de Ni?as, Ni?os y Adoles - Presidencia",6425162.180000001,0.0,6425162.180000001,8676250.5,0.0,8676250.5
2025,5,"MORALES GORLERI, VICTORIA","Consejo de los Derechos de Ni?as, Ni?os y Adoles - Presidencia",7003425.56,0.0,7003425.56,9310847.45,0.0,9310847.45
2025,6,"MORALES GORLERI, VICTORIA","Consejo de los Derechos de Ni?as, Ni?os y Adoles - Presidencia",7003425.56,2918093.98,9921519.54,9115115.71,3797964.87,12913080.58
2025,7,"MORALES GORLERI, VICTORIA","Consejo de los Derechos de Ni?as, Ni?os y Adoles - Presidencia",7003425.56,0.0,7003425.56,8893819.87,0.0,8893819.87
2025,8,"MORALES GORLERI, VICTORIA","Consejo de los Derechos de Ni?as, Ni?os y Adoles - Presidencia",7213527.99,0.0,7213527.99,9017397.7,0.0,9017397.7
2025,9,"MORALES GORLERI, VICTORIA","Consejo de los Derechos de Ni?as, Ni?os y Adoles - Presidencia",7213527.99,0.0,7213527.99,8822590.52,0.0,8822590.52
2025,10,"MORALES GORLERI, VICTORIA","Consejo de los Derechos de Ni?as, Ni?os y Adoles - Presidencia",7213527.99,0.0,7213527.99,8635937.44,0.0,8635937.44
2025,11,"MORALES GORLERI, VICTORIA","Consejo de los Derechos de Ni?as, Ni?os y Adoles - Presidencia",7574204.4,0.0,7574204.4,8854114.62,0.0,8854114.62
2025,12,"MORALES GORLERI, VICTORIA","Consejo de los Derechos de Ni?as, Ni?os y Adoles - Presidencia",7574204.4,3787102.2,11361306.6,8624312.41,4312156.2,12936468.61
2025,1,"MORALES GORLERI, VICTORIA",SECR Bienestar Integral,6119201.4,509933.45,6629134.850000001,8901531.94,741794.33,9643326.27
2025,1,"MRAIDA, GABRIEL SEBASTIAN",Ministerio de Desarrollo Humano y Habitat,6734049.390000001,0.0,6734049.390000001,9795944.24,0.0,9795944.24
2025,2,"MRAIDA, GABRIEL SEBASTIAN",Ministerio de Desarrollo Humano y Habitat,7070752.64,0.0,7070752.64,10078569.09,0.0,10078569.09
2025,3,"MRAIDA, GABRIEL SEBASTIAN",Ministerio de Desarrollo Humano y Habitat,7070752.64,0.0,7070752.64,9769172.96,0.0,9769172.96
2025,4,"MRAIDA, GABRIEL SEBASTIAN",Ministerio de Desarrollo Humano y Habitat,7070752.64,0.0,7070752.64,9548026.87,0.0,9548026.87
2025,5,"MRAIDA, GABRIEL SEBASTIAN",Ministerio de Desarrollo Humano y Habitat,7707119.04,0.0,7707119.04,10246387.15,0.0,10246387.15
2025,6,"MRAIDA, GABRIEL SEBASTIAN",Ministerio de Desarrollo Humano y Habitat,7707119.04,3853559.52,11560678.56,10030988.58,5015494.29,15046482.87
2025,7,"MRAIDA, GABRIEL SEBASTIAN",Ministerio de Desarrollo Humano y Habitat,7707119.04,0.0,7707119.04,9787457.27,0.0,9787457.27
2025,8,"MRAIDA, GABRIEL SEBASTIAN",Ministerio de Desarrollo Humano y Habitat,7938332.239999999,0.0,7938332.239999999,9923452.02,0.0,9923452.02
2025,9,"MRAIDA, GABRIEL SEBASTIAN",Ministerio de Desarrollo Humano y Habitat,7938332.239999999,0.0,7938332.239999999,9709070.91,0.0,9709070.91
2025,10,"MRAIDA, GABRIEL SEBASTIAN",Ministerio de Desarrollo Humano y Habitat,7938332.239999999,0.0,7938332.239999999,9503663.21,0.0,9503663.21
2025,11,"MRAIDA, GABRIEL SEBASTIAN",Ministerio de Desarrollo Humano y Habitat,8335248.850000001,0.0,8335248.850000001,9743762.48,0.0,9743762.48
2025,12,"MRAIDA, GABRIEL SEBASTIAN",Ministerio de Desarrollo Humano y Habitat,8335248.850000001,4167624.43,12502873.28,9490870.1,4745435.06,14236305.16
2025,1,"MUZZIO, MARIA CLARA",Vicejefatura de Gobierno,8282328.37,0.0,8282328.37,12048207.88,0.0,12048207.88
2025,2,"MUZZIO, MARIA CLARA",Vicejefatura de Gobierno,8530798.22,0.0,8530798.22,12159701.19,0.0,12159701.19
2025,3,"MUZZIO, MARIA CLARA",Vicejefatura de Gobierno,8530798.22,0.0,8530798.22,11786417.59,0.0,11786417.59
2025,4,"MUZZIO, MARIA CLARA",Vicejefatura de Gobierno,8795252.97,0.0,8795252.97,11876714.68,0.0,11876714.68
2025,5,"MUZZIO, MARIA CLARA",Vicejefatura de Gobierno,9322968.15,0.0,9322968.15,12394610.82,0.0,12394610.82
2025,6,"MUZZIO, MARIA CLARA",Vicejefatura de Gobierno,9322968.15,4661484.08,13984452.23,12134052.5,6067026.26,18201078.76
2025,7,"MUZZIO, MARIA CLARA",Vicejefatura de Gobierno,9322968.15,0.0,9322968.15,11839463.22,0.0,11839463.22
2025,8,"MUZZIO, MARIA CLARA",Vicejefatura de Gobierno,9742501.71,0.0,9742501.71,12178785.84,0.0,12178785.84
2025,9,"MUZZIO, MARIA CLARA",Vicejefatura de Gobierno,9742501.71,0.0,9742501.71,11915681.67,0.0,11915681.67
2025,10,"MUZZIO, MARIA CLARA",Vicejefatura de Gobierno,9888639.24,0.0,9888639.24,11838544.19,0.0,11838544.19
2025,11,"MUZZIO, MARIA CLARA",Vicejefatura de Gobierno,10383071.2,0.0,10383071.2,12137631.57,0.0,12137631.57
2025,12,"MUZZIO, MARIA CLARA",Vicejefatura de Gobierno,10383071.2,5191535.6,15574606.8,11822608.03,5911304.02,17733912.05
2025,1,"OCAMPO, FERNANDO MARTIN",Procuracion General de la Ciudad de Buenos Aires,6734049.390000001,0.0,6734049.390000001,9795944.24,0.0,9795944.24
2025,2,"OCAMPO, FERNANDO MARTIN",Procuracion General de la Ciudad de Buenos Aires,7070752.64,0.0,7070752.64,10078569.09,0.0,10078569.09
2025,3,"OCAMPO, FERNANDO MARTIN",Procuracion General de la Ciudad de Buenos Aires,7070752.64,0.0,7070752.64,9769172.96,0.0,9769172.96
2025,4,"OCAMPO, FERNANDO MARTIN",Procuracion General de la Ciudad de Buenos Aires,7070752.64,0.0,7070752.64,9548026.87,0.0,9548026.87
2025,5,"OCAMPO, FERNANDO MARTIN",Procuracion General de la Ciudad de Buenos Aires,7707119.04,0.0,7707119.04,10246387.15,0.0,10246387.15
2025,6,"OCAMPO, FERNANDO MARTIN",Procuracion General de la Ciudad de Buenos Aires,7707119.04,4978226.26,12685345.3,10030988.58,6479273.32,16510261.9
2025,7,"OCAMPO, FERNANDO MARTIN",Procuracion General de la Ciudad de Buenos Aires,7707119.04,0.0,7707119.04,9787457.27,0.0,9787457.27
2025,8,"OCAMPO, FERNANDO MARTIN",Procuracion General de la Ciudad de Buenos Aires,7938332.239999999,0.0,7938332.239999999,9923452.02,0.0,9923452.02
2025,9,"OCAMPO, FERNANDO MARTIN",Procuracion General de la Ciudad de Buenos Aires,7938332.239999999,0.0,7938332.239999999,9709070.91,0.0,9709070.91
2025,10,"OCAMPO, FERNANDO MARTIN",Procuracion General de la Ciudad de Buenos Aires,7938332.239999999,0.0,7938332.239999999,9503663.21,0.0,9503663.21
2025,11,"OCAMPO, FERNANDO MARTIN",Procuracion General de la Ciudad de Buenos Aires,8335248.850000001,0.0,8335248.850000001,9743762.48,0.0,9743762.48
2025,12,"OCAMPO, FERNANDO MARTIN",Procuracion General de la Ciudad de Buenos Aires,8335248.850000001,5253404.29,13588653.14,9490870.1,5981750.35,15472620.45
2025,1,"ONCO, GERMAN RAUL","Consejo de los Derechos de Ni?as, Ni?os y Adoles - Presidencia",6119201.4,509933.45,6629134.850000001,8901531.94,741794.33,9643326.27
2025,3,"PIÑEIRO, MAXIMILIANO HERNAN",SECR Seguridad,4283441.46,0.0,4283441.46,5918136.67,0.0,5918136.67
2025,4,"PIÑEIRO, MAXIMILIANO HERNAN",SECR Seguridad,6425162.180000001,0.0,6425162.180000001,8676250.5,0.0,8676250.5
2025,5,"PIÑEIRO, MAXIMILIANO HERNAN",SECR Seguridad,7003425.56,0.0,7003425.56,9310847.45,0.0,9310847.45
2025,6,"PIÑEIRO, MAXIMILIANO HERNAN",SECR Seguridad,7003425.56,2139935.59,9143361.149999999,9115115.71,2785174.25,11900289.95
2025,7,"PIÑEIRO, MAXIMILIANO HERNAN",SECR Seguridad,7003425.56,0.0,7003425.56,8893819.87,0.0,8893819.87
2025,8,"PIÑEIRO, MAXIMILIANO HERNAN",SECR Seguridad,7213527.99,0.0,7213527.99,9017397.7,0.0,9017397.7
2025,9,"PIÑEIRO, MAXIMILIANO HERNAN",SECR Seguridad,7213527.99,0.0,7213527.99,8822590.52,0.0,8822590.52
2025,10,"PIÑEIRO, MAXIMILIANO HERNAN",SECR Seguridad,7213527.99,0.0,7213527.99,8635937.44,0.0,8635937.44
2025,11,"PIÑEIRO, MAXIMILIANO HERNAN",SECR Seguridad,7574204.4,0.0,7574204.4,8854114.62,0.0,8854114.62
2025,12,"PIÑEIRO, MAXIMILIANO HERNAN",SECR Seguridad,7574204.4,3787102.2,11361306.6,8624312.41,4312156.2,12936468.61
2025,1,"PIOLA, RAUL",SECR Innovacion y Transformacion Digital,6119201.4,0.0,6119201.4,8901531.94,0.0,8901531.94
2025,2,"PIOLA, RAUL",SECR Innovacion y Transformacion Digital,6425162.180000001,0.0,6425162.180000001,9158351.91,0.0,9158351.91
2025,3,"PIOLA, RAUL",SECR Innovacion y Transformacion Digital,6425162.180000001,0.0,6425162.180000001,8877204.99,0.0,8877204.99
2025,4,"PIOLA, RAUL",SECR Innovacion y Transformacion Digital,6425162.180000001,0.0,6425162.180000001,8676250.5,0.0,8676250.5
2025,5,"PIOLA, RAUL",SECR Innovacion y Transformacion Digital,7003425.56,0.0,7003425.56,9310847.45,0.0,9310847.45
2025,6,"PIOLA, RAUL",SECR Innovacion y Transformacion Digital,7003425.56,3501712.78,10505138.34,9115115.71,4557557.85,13672673.56
2025,7,"PIOLA, RAUL",SECR Innovacion y Transformacion Digital,7003425.56,0.0,7003425.56,8893819.87,0.0,8893819.87
2025,8,"PIOLA, RAUL",SECR Innovacion y Transformacion Digital,7213527.99,0.0,7213527.99,9017397.7,0.0,9017397.7
2025,9,"PIOLA, RAUL",SECR Innovacion y Transformacion Digital,7213527.99,0.0,7213527.99,8822590.52,0.0,8822590.52
2025,10,"PIOLA, RAUL",SECR Innovacion y Transformacion Digital,7213527.99,0.0,7213527.99,8635937.44,0.0,8635937.44
2025,11,"PIOLA, RAUL",SECR Innovacion y Transformacion Digital,7574204.4,0.0,7574204.4,8854114.62,0.0,8854114.62
2025,12,"PIOLA, RAUL",SECR Innovacion y Transformacion Digital,7574204.4,3787102.2,11361306.6,8624312.41,4312156.2,12936468.61
2025,1,"POMPEO, FULVIO VALERIO",SECR General,6734049.390000001,0.0,6734049.390000001,9795944.24,0.0,9795944.24
2025,2,"POMPEO, FULVIO VALERIO",SECR General,7070752.64,0.0,7070752.64,10078569.09,0.0,10078569.09
2025,3,"POMPEO, FULVIO VALERIO",SECR General,7070752.64,0.0,7070752.64,9769172.96,0.0,9769172.96
2025,4,"POMPEO, FULVIO VALERIO",SECR General,7070752.64,0.0,7070752.64,9548026.87,0.0,9548026.87
2025,5,"POMPEO, FULVIO VALERIO",SECR General,7707119.04,0.0,7707119.04,10246387.15,0.0,10246387.15
2025,6,"POMPEO, FULVIO VALERIO",SECR General,7707119.04,3853559.52,11560678.56,10030988.58,5015494.29,15046482.87
2025,7,"POMPEO, FULVIO VALERIO",SECR General,7707119.04,0.0,7707119.04,9787457.27,0.0,9787457.27
2025,8,"POMPEO, FULVIO VALERIO",SECR General,7938332.239999999,0.0,7938332.239999999,9923452.02,0.0,9923452.02
2025,9,"POMPEO, FULVIO VALERIO",SECR General,7938332.239999999,0.0,7938332.239999999,9709070.91,0.0,9709070.91
2025,10,"POMPEO, FULVIO VALERIO",SECR General,7938332.239999999,0.0,7938332.239999999,9503663.21,0.0,9503663.21
2025,11,"POMPEO, FULVIO VALERIO",SECR General,8335248.850000001,0.0,8335248.850000001,9743762.48,0.0,9743762.48
2025,12,"POMPEO, FULVIO VALERIO",SECR General,8335248.850000001,4167624.43,12502873.28,9490870.1,4745435.06,14236305.16
2025,3,"QUINTANA, FRANCISCO JAVIER",SECR Justicia,6425162.180000001,0.0,6425162.180000001,8877204.99,0.0,8877204.99
2025,4,"QUINTANA, FRANCISCO JAVIER",SECR Justicia,6425162.180000001,0.0,6425162.180000001,8676250.5,0.0,8676250.5
2025,5,"QUINTANA, FRANCISCO JAVIER",SECR Justicia,7003425.56,0.0,7003425.56,9310847.45,0.0,9310847.45
2025,6,"QUINTANA, FRANCISCO JAVIER",SECR Justicia,7003425.56,2334475.19,9337900.75,9115115.71,3038371.91,12153487.61
2025,7,"QUINTANA, FRANCISCO JAVIER",SECR Justicia,7003425.56,0.0,7003425.56,8893819.87,0.0,8893819.87
2025,8,"QUINTANA, FRANCISCO JAVIER",SECR Justicia,7213527.99,0.0,7213527.99,9017397.7,0.0,9017397.7
2025,9,"QUINTANA, FRANCISCO JAVIER",SECR Justicia,7213527.99,0.0,7213527.99,8822590.52,0.0,8822590.52
2025,10,"QUINTANA, FRANCISCO JAVIER",SECR Justicia,7213527.99,0.0,7213527.99,8635937.44,0.0,8635937.44
2025,11,"QUINTANA, FRANCISCO JAVIER",SECR Justicia,7574204.4,0.0,7574204.4,8854114.62,0.0,8854114.62
2025,12,"QUINTANA, FRANCISCO JAVIER",SECR Justicia,7574204.4,3787102.2,11361306.6,8624312.41,4312156.2,12936468.61
2025,1,"RICARDES, GABRIELA BARBARA",Ministerio de Cultura,6734049.390000001,0.0,6734049.390000001,9795944.24,0.0,9795944.24
2025,2,"RICARDES, GABRIELA BARBARA",Ministerio de Cultura,7070752.64,0.0,7070752.64,10078569.09,0.0,10078569.09
2025,3,"RICARDES, GABRIELA BARBARA",Ministerio de Cultura,7070752.64,0.0,7070752.64,9769172.96,0.0,9769172.96
2025,4,"RICARDES, GABRIELA BARBARA",Ministerio de Cultura,7070752.64,0.0,7070752.64,9548026.87,0.0,9548026.87
2025,5,"RICARDES, GABRIELA BARBARA",Ministerio de Cultura,7707119.04,0.0,7707119.04,10246387.15,0.0,10246387.15
2025,6,"RICARDES, GABRIELA BARBARA",Ministerio de Cultura,7707119.04,3853559.52,11560678.56,10030988.58,5015494.29,15046482.87
2025,7,"RICARDES, GABRIELA BARBARA",Ministerio de Cultura,7707119.04,0.0,7707119.04,9787457.27,0.0,9787457.27
2025,8,"RICARDES, GABRIELA BARBARA",Ministerio de Cultura,7938332.239999999,0.0,7938332.239999999,9923452.02,0.0,9923452.02
2025,9,"RICARDES, GABRIELA BARBARA",Ministerio de Cultura,7938332.239999999,0.0,7938332.239999999,9709070.91,0.0,9709070.91
2025,10,"RICARDES, GABRIELA BARBARA",Ministerio de Cultura,7938332.239999999,0.0,7938332.239999999,9503663.21,0.0,9503663.21
2025,11,"RICARDES, GABRIELA BARBARA",Ministerio de Cultura,8335248.850000001,0.0,8335248.850000001,9743762.48,0.0,9743762.48
2025,12,"RICARDES, GABRIELA BARBARA",Ministerio de Cultura,8335248.850000001,4167624.43,12502873.28,9490870.1,4745435.06,14236305.16
2025,1,"RIPANI, MARIA FLORENCIA",Universidad de la Cuidad,6119201.4,0.0,6119201.4,8901531.94,0.0,8901531.94
2025,2,"RIPANI, MARIA FLORENCIA",Universidad de la Cuidad,6425162.180000001,0.0,6425162.180000001,9158351.91,0.0,9158351.91
2025,3,"RIPANI, MARIA FLORENCIA",Universidad de la Cuidad,6425162.180000001,0.0,6425162.180000001,8877204.99,0.0,8877204.99
2025,4,"RIPANI, MARIA FLORENCIA",Universidad de la Cuidad,6425162.180000001,0.0,6425162.180000001,8676250.5,0.0,8676250.5
2025,5,"RIPANI, MARIA FLORENCIA",Universidad de la Cuidad,7003425.56,0.0,7003425.56,9310847.45,0.0,9310847.45
2025,6,"RIPANI, MARIA FLORENCIA",Universidad de la Cuidad,7003425.56,3501712.78,10505138.34,9115115.71,4557557.85,13672673.56
2025,7,"RIPANI, MARIA FLORENCIA",Universidad de la Cuidad,7003425.56,0.0,7003425.56,8893819.87,0.0,8893819.87
2025,8,"RIPANI, MARIA FLORENCIA",Universidad de la Cuidad,7213527.99,0.0,7213527.99,9017397.7,0.0,9017397.7
2025,9,"RIPANI, MARIA FLORENCIA",Universidad de la Cuidad,7213527.99,0.0,7213527.99,8822590.52,0.0,8822590.52
2025,10,"RIPANI, MARIA FLORENCIA",Universidad de la Cuidad,7213527.99,0.0,7213527.99,8635937.44,0.0,8635937.44
2025,11,"RIPANI, MARIA FLORENCIA",Universidad de la Cuidad,7574204.4,0.0,7574204.4,8854114.62,0.0,8854114.62
2025,12,"RIPANI, MARIA FLORENCIA",Universidad de la Cuidad,7574204.4,3787102.2,11361306.6,8624312.41,4312156.2,12936468.61
2025,1,"SALARI, JUAN IGNACIO",SECR Mantenimiento Urbano,6119201.4,0.0,6119201.4,8901531.94,0.0,8901531.94
2025,2,"SALARI, JUAN IGNACIO",SECR Mantenimiento Urbano,6425162.180000001,0.0,6425162.180000001,9158351.91,0.0,9158351.91
2025,3,"SALARI, JUAN IGNACIO",SECR Mantenimiento Urbano,6425162.180000001,0.0,6425162.180000001,8877204.99,0.0,8877204.99
2025,4,"SALARI, JUAN IGNACIO",SECR Mantenimiento Urbano,6425162.180000001,0.0,6425162.180000001,8676250.5,0.0,8676250.5
2025,5,"SALARI, JUAN IGNACIO",SECR Mantenimiento Urbano,7003425.56,0.0,7003425.56,9310847.45,0.0,9310847.45
2025,6,"SALARI, JUAN IGNACIO",SECR Mantenimiento Urbano,7003425.56,3501712.78,10505138.34,9115115.71,4557557.85,13672673.56
2025,7,"SALARI, JUAN IGNACIO",SECR Mantenimiento Urbano,7003425.56,0.0,7003425.56,8893819.87,0.0,8893819.87
2025,8,"SALARI, JUAN IGNACIO",SECR Mantenimiento Urbano,7213527.99,0.0,7213527.99,9017397.7,0.0,9017397.7
2025,9,"SALARI, JUAN IGNACIO",SECR Mantenimiento Urbano,7213527.99,0.0,7213527.99,8822590.52,0.0,8822590.52
2025,10,"SALARI, JUAN IGNACIO",SECR Mantenimiento Urbano,7213527.99,0.0,7213527.99,8635937.44,0.0,8635937.44
2025,11,"SALARI, JUAN IGNACIO",SECR Mantenimiento Urbano,7574204.4,0.0,7574204.4,8854114.62,0.0,8854114.62
2025,12,"SALARI, JUAN IGNACIO",SECR Mantenimiento Urbano,7574204.4,3787102.2,11361306.6,8624312.41,4312156.2,12936468.61
2025,1,"SANCHEZ ZINNY, GABRIEL CESAR",Jefatura de Gabinete de Ministros,4938302.88,0.0,4938302.88,7183692.44,0.0,7183692.44
2025,2,"SANCHEZ ZINNY, GABRIEL CESAR",Jefatura de Gabinete de Ministros,7070752.64,0.0,7070752.64,10078569.09,0.0,10078569.09
2025,3,"SANCHEZ ZINNY, GABRIEL CESAR",Jefatura de Gabinete de Ministros,7070752.64,0.0,7070752.64,9769172.96,0.0,9769172.96
2025,4,"SANCHEZ ZINNY, GABRIEL CESAR",Jefatura de Gabinete de Ministros,7070752.64,0.0,7070752.64,9548026.87,0.0,9548026.87
2025,5,"SANCHEZ ZINNY, GABRIEL CESAR",Jefatura de Gabinete de Ministros,7707119.04,0.0,7707119.04,10246387.15,0.0,10246387.15
2025,6,"SANCHEZ ZINNY, GABRIEL CESAR",Jefatura de Gabinete de Ministros,7707119.04,3682290.21,11389409.25,10030988.58,4792583.44,14823572.02
2025,7,"SANCHEZ ZINNY, GABRIEL CESAR",Jefatura de Gabinete de Ministros,7707119.04,0.0,7707119.04,9787457.27,0.0,9787457.27
2025,8,"SANCHEZ ZINNY, GABRIEL CESAR",Jefatura de Gabinete de Ministros,7938332.239999999,0.0,7938332.239999999,9923452.02,0.0,9923452.02
2025,9,"SANCHEZ ZINNY, GABRIEL CESAR",Jefatura de Gabinete de Ministros,7938332.239999999,0.0,7938332.239999999,9709070.91,0.0,9709070.91
2025,10,"SANCHEZ ZINNY, GABRIEL CESAR",Jefatura de Gabinete de Ministros,7938332.239999999,0.0,7938332.239999999,9503663.21,0.0,9503663.21
2025,11,"SANCHEZ ZINNY, GABRIEL CESAR",Jefatura de Gabinete de Ministros,8335248.850000001,0.0,8335248.850000001,9743762.48,0.0,9743762.48
2025,12,"SANCHEZ ZINNY, GABRIEL CESAR",Jefatura de Gabinete de Ministros,8335248.850000001,4167624.43,12502873.28,9490870.1,4745435.06,14236305.16
2025,1,"SANCHEZ ZINNY, GABRIEL CESAR",Vicejefatura de Gabinete de Ministros,1748900.94,145741.75,1894642.69,2544106.09,212008.85,2756114.94
2025,1,"TAPIA, GABINO MARIO",Ministerio de Justicia,6734049.390000001,0.0,6734049.390000001,9795944.24,0.0,9795944.24
2025,2,"TAPIA, GABINO MARIO",Ministerio de Justicia,7070752.64,0.0,7070752.64,10078569.09,0.0,10078569.09
2025,3,"TAPIA, GABINO MARIO",Ministerio de Justicia,7070752.64,0.0,7070752.64,9769172.96,0.0,9769172.96
2025,4,"TAPIA, GABINO MARIO",Ministerio de Justicia,7070752.64,0.0,7070752.64,9548026.87,0.0,9548026.87
2025,5,"TAPIA, GABINO MARIO",Ministerio de Justicia,7707119.04,0.0,7707119.04,10246387.15,0.0,10246387.15
2025,6,"TAPIA, GABINO MARIO",Ministerio de Justicia,7707119.04,3853559.52,11560678.56,10030988.58,5015494.29,15046482.87
2025,7,"TAPIA, GABINO MARIO",Ministerio de Justicia,7707119.04,0.0,7707119.04,9787457.27,0.0,9787457.27
2025,8,"TAPIA, GABINO MARIO",Ministerio de Justicia,7938332.239999999,0.0,7938332.239999999,9923452.02,0.0,9923452.02
2025,9,"TAPIA, GABINO MARIO",Ministerio de Justicia,7938332.239999999,0.0,7938332.239999999,9709070.91,0.0,9709070.91
2025,10,"TAPIA, GABINO MARIO",Ministerio de Justicia,7938332.239999999,0.0,7938332.239999999,9503663.21,0.0,9503663.21
2025,11,"TAPIA, GABINO MARIO",Ministerio de Justicia,8335248.850000001,0.0,8335248.850000001,9743762.48,0.0,9743762.48
2025,12,"TAPIA, GABINO MARIO",Ministerio de Justicia,8335248.850000001,4167624.43,12502873.28,9490870.1,4745435.06,14236305.16
2025,1,"TORRES, CESAR ANGEL",SECR Gobierno y Vinculo Ciudadano,6734049.390000001,0.0,6734049.390000001,9795944.24,0.0,9795944.24
2025,2,"TORRES, CESAR ANGEL",SECR Gobierno y Vinculo Ciudadano,7070752.64,0.0,7070752.64,10078569.09,0.0,10078569.09
2025,3,"TORRES, CESAR ANGEL",SECR Gobierno y Vinculo Ciudadano,7070752.64,0.0,7070752.64,9769172.96,0.0,9769172.96
2025,4,"TORRES, CESAR ANGEL",SECR Gobierno y Vinculo Ciudadano,7070752.64,0.0,7070752.64,9548026.87,0.0,9548026.87
2025,5,"TORRES, CESAR ANGEL",SECR Gobierno y Vinculo Ciudadano,7707119.04,0.0,7707119.04,10246387.15,0.0,10246387.15
2025,6,"TORRES, CESAR ANGEL",SECR Gobierno y Vinculo Ciudadano,7707119.04,3853559.52,11560678.56,10030988.58,5015494.29,15046482.87
2025,7,"TORRES, CESAR ANGEL",SECR Gobierno y Vinculo Ciudadano,770711.9,64225.99,834937.89,978745.72,81562.14,1060307.86
2025,7,"TORRES, CESAR ANGEL",Unidad Relaciones Federales y Vinculacion Interjurisdiccional,4435502.85,0.0,4435502.85,5632752.58,0.0,5632752.58
2025,8,"TORRES, CESAR ANGEL",Unidad Relaciones Federales y Vinculacion Interjurisdiccional,7213527.99,0.0,7213527.99,9017397.7,0.0,9017397.7
2025,9,"TORRES, CESAR ANGEL",Unidad Relaciones Federales y Vinculacion Interjurisdiccional,7213527.99,0.0,7213527.99,8822590.52,0.0,8822590.52
2025,10,"TORRES, CESAR ANGEL",Unidad Relaciones Federales y Vinculacion Interjurisdiccional,7213527.99,0.0,7213527.99,8635937.44,0.0,8635937.44
2025,11,"TORRES, CESAR ANGEL",Unidad Relaciones Federales y Vinculacion Interjurisdiccional,7574204.4,0.0,7574204.4,8854114.62,0.0,8854114.62
2025,12,"TORRES, CESAR ANGEL",Unidad Relaciones Federales y Vinculacion Interjurisdiccional,7574204.4,3555668.18,11129872.58,8624312.41,4048635.55,12672947.96
2025,1,"TURNES, FABIAN ALEJANDRO",SECR Deportes,6119201.4,0.0,6119201.4,8901531.94,0.0,8901531.94
2025,2,"TURNES, FABIAN ALEJANDRO",SECR Deportes,6425162.180000001,0.0,6425162.180000001,9158351.91,0.0,9158351.91
2025,3,"TURNES, FABIAN ALEJANDRO",SECR Deportes,6425162.180000001,0.0,6425162.180000001,8877204.99,0.0,8877204.99
2025,4,"TURNES, FABIAN ALEJANDRO",SECR Deportes,6425162.180000001,0.0,6425162.180000001,8676250.5,0.0,8676250.5
2025,5,"TURNES, FABIAN ALEJANDRO",SECR Deportes,7003425.56,0.0,7003425.56,9310847.45,0.0,9310847.45
2025,6,"TURNES, FABIAN ALEJANDRO",SECR Deportes,7003425.56,3501712.78,10505138.34,9115115.71,4557557.85,13672673.56
2025,7,"TURNES, FABIAN ALEJANDRO",SECR Deportes,7003425.56,0.0,7003425.56,8893819.87,0.0,8893819.87
2025,8,"TURNES, FABIAN ALEJANDRO",SECR Deportes,7213527.99,0.0,7213527.99,9017397.7,0.0,9017397.7
2025,9,"TURNES, FABIAN ALEJANDRO",SECR Deportes,7213527.99,0.0,7213527.99,8822590.52,0.0,8822590.52
2025,10,"TURNES, FABIAN ALEJANDRO",SECR Deportes,7213527.99,0.0,7213527.99,8635937.44,0.0,8635937.44
2025,11,"TURNES, FABIAN ALEJANDRO",SECR Deportes,7574204.4,0.0,7574204.4,8854114.62,0.0,8854114.62
2025,12,"TURNES, FABIAN ALEJANDRO",SECR Deportes,7574204.4,3787102.2,11361306.6,8624312.41,4312156.2,12936468.61
2025,2,"WALTER,CARLOS GUSTAVO",Unidad de Asuntos Politicos,3771068.07,0.0,3771068.07,5375236.84,0.0,5375236.84
2025,3,"WALTER,CARLOS GUSTAVO",Unidad de Asuntos Politicos,7070752.64,0.0,7070752.64,9769172.96,0.0,9769172.96
2025,4,"WALTER,CARLOS GUSTAVO",Unidad de Asuntos Politicos,7070752.64,0.0,7070752.64,9548026.87,0.0,9548026.87
2025,5,"WALTER,CARLOS GUSTAVO",Unidad de Asuntos Politicos,7707119.04,0.0,7707119.04,10246387.15,0.0,10246387.15
2025,6,"WALTER,CARLOS GUSTAVO",Unidad de Asuntos Politicos,7707119.04,2911578.3,10618697.34,10030988.58,3789484.57,13820473.15
2025,7,"WALTER,CARLOS GUSTAVO",Unidad de Asuntos Politicos,7707119.04,0.0,7707119.04,9787457.27,0.0,9787457.27
2025,8,"WALTER,CARLOS GUSTAVO",Unidad de Asuntos Politicos,7938332.239999999,0.0,7938332.239999999,9923452.02,0.0,9923452.02
2025,9,"WALTER,CARLOS GUSTAVO",Unidad de Asuntos Politicos,7938332.239999999,0.0,7938332.239999999,9709070.91,0.0,9709070.91
2025,10,"WALTER,CARLOS GUSTAVO",Unidad de Asuntos Politicos,7938332.239999999,0.0,7938332.239999999,9503663.21,0.0,9503663.21
2025,11,"WALTER,CARLOS GUSTAVO",Unidad de Asuntos Politicos,8335248.850000001,0.0,8335248.850000001,9743762.48,0.0,9743762.48
2025,12,"WALTER,CARLOS GUSTAVO",Unidad de Asuntos Politicos,8335248.850000001,4167624.43,12502873.28,9490870.1,4745435.06,14236305.16
2025,1,"WOLFF, WALDO EZEQUIEL",Ministerio de Seguridad,6734049.390000001,0.0,6734049.390000001,9795944.24,0.0,9795944.24
2025,2,"WOLFF, WALDO EZEQUIEL",Ministerio de Seguridad,7070752.64,0.0,7070752.64,10078569.09,0.0,10078569.09
2025,3,"WOLFF, WALDO EZEQUIEL",Ministerio de Seguridad,942767.02,1257022.69,2199789.71,1302556.4,1736741.86,3039298.25
2026,1,"ANTIÑOLO, DARIO FABIAN",SECR Transito,7801429.78,0.0,7801429.78,8619456.86,0.0,8619456.86
2026,2,"ANTIÑOLO, DARIO FABIAN",SECR Transito,8152494.77,0.0,8152494.77,8779300.9,0.0,8779300.9
2026,3,"ANTIÑOLO, DARIO FABIAN",SECR Transito,8152494.77,0.0,8152494.77,8523842.04,0.0,8523842.04
2026,4,"ANTIÑOLO, DARIO FABIAN",SECR Transito,8478594.87,0.0,8478594.87,8650026.77,0.0,8650026.77
2026,5,"ANTIÑOLO, DARIO FABIAN",SECR Transito,8478594.87,0.0,8478594.87,8471553.82,0.0,8471553.82
2026,6,"ANTIÑOLO, DARIO FABIAN",SECR Transito,8987310.16,4493655.08,13480965.24,8819843.25,4409921.63,13229764.88
2026,7,"ANTIÑOLO, DARIO FABIAN",SECR Transito,8987310.16,0.0,8987310.16,8568484.28,0.0,8568484.28
2026,1,"ARENGO PIRAGINE, GUSTAVO",Ministerio de Hacienda y Finanzas,8585305.5,0.0,8585305.5,9485526.69,0.0,9485526.69
2026,2,"ARENGO PIRAGINE, GUSTAVO",Ministerio de Hacienda y Finanzas,8971644.96,0.0,8971644.96,9661431.61,0.0,9661431.61
2026,3,"ARENGO PIRAGINE, GUSTAVO",Ministerio de Hacienda y Finanzas,8971644.96,0.0,8971644.96,9380304.64,0.0,9380304.64
2026,4,"ARENGO PIRAGINE, GUSTAVO",Ministerio de Hacienda y Finanzas,9330511.11,0.0,9330511.11,9519168.22,0.0,9519168.22
2026,5,"ARENGO PIRAGINE, GUSTAVO",Ministerio de Hacienda y Finanzas,9330511.11,0.0,9330511.11,9322762.59,0.0,9322762.59
2026,6,"ARENGO PIRAGINE, GUSTAVO",Ministerio de Hacienda y Finanzas,9890341.32,4945170.66,14835511.98,9706047.59,4853023.8,14559071.39
2026,7,"ARENGO PIRAGINE, GUSTAVO",Ministerio de Hacienda y Finanzas,9890341.32,0.0,9890341.32,9429432.46,0.0,9429432.46
2026,3,"AZAR, GABRIELA ALIA BEATRIZ",Universidad de la Ciudad,8152494.77,0.0,8152494.77,8523842.04,0.0,8523842.04
2026,4,"AZAR, GABRIELA ALIA BEATRIZ",Universidad de la Ciudad,8478594.87,0.0,8478594.87,8650026.77,0.0,8650026.77
2026,5,"AZAR, GABRIELA ALIA BEATRIZ",Universidad de la Ciudad,8478594.87,0.0,8478594.87,8471553.82,0.0,8471553.82
2026,6,"AZAR, GABRIELA ALIA BEATRIZ",Universidad de la Ciudad,8987310.16,2995770.05,11983080.21,8819843.25,2939947.75,11759791.0
2026,7,"AZAR, GABRIELA ALIA BEATRIZ",Universidad de la Ciudad,8987310.16,0.0,8987310.16,8568484.28,0.0,8568484.28
2026,1,"BAISTROCCHI, IGNACIO MIGUEL",Ministerio de Espacio Publico e Higiene Urbana,8585305.5,0.0,8585305.5,9485526.69,0.0,9485526.69
2026,2,"BAISTROCCHI, IGNACIO MIGUEL",Ministerio de Espacio Publico e Higiene Urbana,8971644.96,0.0,8971644.96,9661431.61,0.0,9661431.61
2026,3,"BAISTROCCHI, IGNACIO MIGUEL",Ministerio de Espacio Publico e Higiene Urbana,8971644.96,0.0,8971644.96,9380304.64,0.0,9380304.64
2026,4,"BAISTROCCHI, IGNACIO MIGUEL",Ministerio de Espacio Publico e Higiene Urbana,9330511.11,0.0,9330511.11,9519168.22,0.0,9519168.22
2026,5,"BAISTROCCHI, IGNACIO MIGUEL",Ministerio de Espacio Publico e Higiene Urbana,9330511.11,0.0,9330511.11,9322762.59,0.0,9322762.59
2026,6,"BAISTROCCHI, IGNACIO MIGUEL",Ministerio de Espacio Publico e Higiene Urbana,9890341.32,4945170.66,14835511.98,9706047.59,4853023.8,14559071.39
2026,7,"BAISTROCCHI, IGNACIO MIGUEL",Ministerio de Espacio Publico e Higiene Urbana,9890341.32,0.0,9890341.32,9429432.46,0.0,9429432.46
2026,1,"BERECIARTUA,PABLO",Ministerio de Movilidad e Infraestructura,8585305.5,0.0,8585305.5,9485526.69,0.0,9485526.69
2026,2,"BERECIARTUA,PABLO",Ministerio de Movilidad e Infraestructura,8971644.96,0.0,8971644.96,9661431.61,0.0,9661431.61
2026,3,"BERECIARTUA,PABLO",Ministerio de Movilidad e Infraestructura,8971644.96,0.0,8971644.96,9380304.64,0.0,9380304.64
2026,4,"BERECIARTUA,PABLO",Ministerio de Movilidad e Infraestructura,9330511.11,0.0,9330511.11,9519168.22,0.0,9519168.22
2026,5,"BERECIARTUA,PABLO",Ministerio de Movilidad e Infraestructura,9330511.11,0.0,9330511.11,9322762.59,0.0,9322762.59
2026,6,"BERECIARTUA,PABLO",Ministerio de Movilidad e Infraestructura,9890341.32,4945170.66,14835511.98,9706047.59,4853023.8,14559071.39
2026,7,"BERECIARTUA,PABLO",Ministerio de Movilidad e Infraestructura,9890341.32,0.0,9890341.32,9429432.46,0.0,9429432.46
2026,1,"COMIN VILLANUEVA, PEDRO MARTIN",SECR Ordenamiento Urbano,7801429.779999999,0.0,7801429.779999999,8619456.86,0.0,8619456.86
2026,2,"COMIN VILLANUEVA, PEDRO MARTIN",SECR Ordenamiento Urbano,8152494.77,0.0,8152494.77,8779300.9,0.0,8779300.9
2026,3,"COMIN VILLANUEVA, PEDRO MARTIN",SECR Ordenamiento Urbano,8152494.77,0.0,8152494.77,8523842.04,0.0,8523842.04
2026,4,"COMIN VILLANUEVA, PEDRO MARTIN",SECR Ordenamiento Urbano,8478594.87,0.0,8478594.87,8650026.77,0.0,8650026.77
2026,5,"COMIN VILLANUEVA, PEDRO MARTIN",SECR Ordenamiento Urbano,8478594.87,0.0,8478594.87,8471553.82,0.0,8471553.82
2026,6,"COMIN VILLANUEVA, PEDRO MARTIN",SECR Ordenamiento Urbano,8987310.16,4493655.08,13480965.24,8819843.25,4409921.63,13229764.88
2026,7,"COMIN VILLANUEVA, PEDRO MARTIN",SECR Ordenamiento Urbano,8987310.16,0.0,8987310.16,8568484.28,0.0,8568484.28
2026,1,"DIAZ GILLIGAN, VALENTIN",Ente de Turismo de la Ciudad Autonoma de Buenos Aires Ley N? 2627,7801429.779999999,0.0,7801429.779999999,8619456.86,0.0,8619456.86
2026,2,"DIAZ GILLIGAN, VALENTIN",Ente de Turismo de la Ciudad Autonoma de Buenos Aires Ley N? 2627,8152494.77,0.0,8152494.77,8779300.9,0.0,8779300.9
2026,3,"DIAZ GILLIGAN, VALENTIN",Ente de Turismo de la Ciudad Autonoma de Buenos Aires Ley N? 2627,8152494.77,0.0,8152494.77,8523842.04,0.0,8523842.04
2026,4,"DIAZ GILLIGAN, VALENTIN",Ente de Turismo de la Ciudad Autonoma de Buenos Aires Ley N? 2627,8478594.87,0.0,8478594.87,8650026.77,0.0,8650026.77
2026,5,"DIAZ GILLIGAN, VALENTIN",Ente de Turismo de la Ciudad Autonoma de Buenos Aires Ley N? 2627,8478594.87,0.0,8478594.87,8471553.82,0.0,8471553.82
2026,6,"DIAZ GILLIGAN, VALENTIN",Ente de Turismo de la Ciudad Autonoma de Buenos Aires Ley N? 2627,8987310.16,4493655.08,13480965.24,8819843.25,4409921.63,13229764.88
2026,7,"DIAZ GILLIGAN, VALENTIN",Ente de Turismo de la Ciudad Autonoma de Buenos Aires Ley N? 2627,8987310.16,0.0,8987310.16,8568484.28,0.0,8568484.28
2026,1,"FREDA, MONICA BEATRIZ",Sindicatura General de la Ciudad de Buenos Aires,8585305.5,0.0,8585305.5,9485526.69,0.0,9485526.69
2026,2,"FREDA, MONICA BEATRIZ",Sindicatura General de la Ciudad de Buenos Aires,8971644.96,0.0,8971644.96,9661431.61,0.0,9661431.61
2026,3,"FREDA, MONICA BEATRIZ",Sindicatura General de la Ciudad de Buenos Aires,8971644.96,0.0,8971644.96,9380304.64,0.0,9380304.64
2026,4,"FREDA, MONICA BEATRIZ",Sindicatura General de la Ciudad de Buenos Aires,9330511.11,0.0,9330511.11,9519168.22,0.0,9519168.22
2026,5,"FREDA, MONICA BEATRIZ",Sindicatura General de la Ciudad de Buenos Aires,9330511.11,0.0,9330511.11,9322762.59,0.0,9322762.59
2026,6,"FREDA, MONICA BEATRIZ",Sindicatura General de la Ciudad de Buenos Aires,9890341.32,4945170.66,14835511.98,9706047.59,4853023.8,14559071.39
2026,7,"FREDA, MONICA BEATRIZ",Sindicatura General de la Ciudad de Buenos Aires,9890341.32,0.0,9890341.32,9429432.46,0.0,9429432.46
2026,1,"GAGO, GUSTAVO ARIEL",SECR Medios,8361341.01,0.0,8361341.01,9238078.17,0.0,9238078.17
2026,2,"GAGO, GUSTAVO ARIEL",SECR Medios,8737602.05,0.0,8737602.05,9409394.27,0.0,9409394.27
2026,3,"GAGO, GUSTAVO ARIEL",SECR Medios,8737602.05,0.0,8737602.05,9135601.04,0.0,9135601.04
2026,4,"GAGO, GUSTAVO ARIEL",SECR Medios,9087106.47,0.0,9087106.47,9270842.09,0.0,9270842.09
2026,5,"GAGO, GUSTAVO ARIEL",SECR Medios,9087106.47,0.0,9087106.47,9079560.08,0.0,9079560.08
2026,6,"GAGO, GUSTAVO ARIEL",SECR Medios,9632332.42,4816166.21,14448498.629999999,9452846.36,4726423.18,14179269.54
2026,7,"GAGO, GUSTAVO ARIEL",SECR Medios,9632332.42,0.0,9632332.42,9183447.27,0.0,9183447.27
2026,1,"GIMENEZ, HORACIO ALBERTO",Ministerio de Seguridad,8585305.5,0.0,8585305.5,9485526.69,0.0,9485526.69
2026,2,"GIMENEZ, HORACIO ALBERTO",Ministerio de Seguridad,8971644.96,0.0,8971644.96,9661431.61,0.0,9661431.61
2026,3,"GIMENEZ, HORACIO ALBERTO",Ministerio de Seguridad,8971644.96,0.0,8971644.96,9380304.64,0.0,9380304.64
2026,4,"GIMENEZ, HORACIO ALBERTO",Ministerio de Seguridad,9330511.11,0.0,9330511.11,9519168.22,0.0,9519168.22
2026,5,"GIMENEZ, HORACIO ALBERTO",Ministerio de Seguridad,9330511.11,0.0,9330511.11,9322762.59,0.0,9322762.59
2026,6,"GIMENEZ, HORACIO ALBERTO",Ministerio de Seguridad,9890341.32,4945170.66,14835511.98,9706047.59,4853023.8,14559071.39
2026,7,"GIMENEZ, HORACIO ALBERTO",Ministerio de Seguridad,9890341.32,0.0,9890341.32,9429432.46,0.0,9429432.46
2026,1,"GONZALEZ BERNALDO DE QUIROS, FERNAN",Ministerio de Salud,8585305.5,0.0,8585305.5,9485526.69,0.0,9485526.69
2026,2,"GONZALEZ BERNALDO DE QUIROS, FERNAN",Ministerio de Salud,8971644.96,0.0,8971644.96,9661431.61,0.0,9661431.61
2026,3,"GONZALEZ BERNALDO DE QUIROS, FERNAN",Ministerio de Salud,8971644.96,0.0,8971644.96,9380304.64,0.0,9380304.64
2026,4,"GONZALEZ BERNALDO DE QUIROS, FERNAN",Ministerio de Salud,9330511.11,0.0,9330511.11,9519168.22,0.0,9519168.22
2026,5,"GONZALEZ BERNALDO DE QUIROS, FERNAN",Ministerio de Salud,9330511.11,0.0,9330511.11,9322762.59,0.0,9322762.59
2026,6,"GONZALEZ BERNALDO DE QUIROS, FERNAN",Ministerio de Salud,9890341.32,4945170.66,14835511.98,9706047.59,4853023.8,14559071.39
2026,7,"GONZALEZ BERNALDO DE QUIROS, FERNAN",Ministerio de Salud,9890341.32,0.0,9890341.32,9429432.46,0.0,9429432.46
2026,1,"GRIPPO, JOSE MARIA",SECR Legal y Tecnica,8361341.01,0.0,8361341.01,9238078.17,0.0,9238078.17
2026,2,"GRIPPO, JOSE MARIA",SECR Legal y Tecnica,8737602.05,0.0,8737602.05,9409394.27,0.0,9409394.27
2026,3,"GRIPPO, JOSE MARIA",SECR Legal y Tecnica,8737602.05,0.0,8737602.05,9135601.04,0.0,9135601.04
2026,4,"GRIPPO, JOSE MARIA",SECR Legal y Tecnica,9087106.47,0.0,9087106.47,9270842.09,0.0,9270842.09
2026,5,"GRIPPO, JOSE MARIA",SECR Legal y Tecnica,9087106.47,0.0,9087106.47,9079560.08,0.0,9079560.08
2026,6,"GRIPPO, JOSE MARIA",SECR Legal y Tecnica,9632332.42,4816166.21,14448498.629999999,9452846.36,4726423.18,14179269.54
2026,7,"GRIPPO, JOSE MARIA",SECR Legal y Tecnica,9632332.42,0.0,9632332.42,9183447.27,0.0,9183447.27
2026,1,"KRANTZER, HECTOR GUILLERMO",SECR Transporte,7801429.779999999,0.0,7801429.779999999,8619456.86,0.0,8619456.86
2026,2,"KRANTZER, HECTOR GUILLERMO",SECR Transporte,8152494.77,0.0,8152494.77,8779300.9,0.0,8779300.9
2026,3,"KRANTZER, HECTOR GUILLERMO",SECR Transporte,8152494.77,0.0,8152494.77,8523842.04,0.0,8523842.04
2026,4,"KRANTZER, HECTOR GUILLERMO",SECR Transporte,8478594.87,0.0,8478594.87,8650026.77,0.0,8650026.77
2026,5,"KRANTZER, HECTOR GUILLERMO",SECR Transporte,8478594.87,0.0,8478594.87,8471553.82,0.0,8471553.82
2026,6,"KRANTZER, HECTOR GUILLERMO",SECR Transporte,8987310.16,4493655.08,13480965.24,8819843.25,4409921.63,13229764.88
2026,7,"KRANTZER, HECTOR GUILLERMO",SECR Transporte,8987310.16,0.0,8987310.16,8568484.28,0.0,8568484.28
2026,3,"LANUSSE,MATIAS",SECR Higiene,3804497.55,0.0,3804497.55,3977792.94,0.0,3977792.94
2026,4,"LANUSSE,MATIAS",SECR Higiene,8478594.87,0.0,8478594.87,8650026.77,0.0,8650026.77
2026,5,"LANUSSE,MATIAS",SECR Higiene,8478594.87,0.0,8478594.87,8471553.82,0.0,8471553.82
2026,6,"LANUSSE,MATIAS",SECR Higiene,8987310.16,2596334.05,11583644.21,8819843.25,2547954.72,11367797.97
2026,7,"LANUSSE,MATIAS",SECR Higiene,8987310.16,0.0,8987310.16,8568484.28,0.0,8568484.28
2026,1,"LOMBARDI,HERNAN SANTIAGO",Ministerio de Desarrollo Economico,8585305.5,0.0,8585305.5,9485526.69,0.0,9485526.69
2026,2,"LOMBARDI,HERNAN SANTIAGO",Ministerio de Desarrollo Economico,8971644.96,0.0,8971644.96,9661431.61,0.0,9661431.61
2026,3,"LOMBARDI,HERNAN SANTIAGO",Ministerio de Desarrollo Economico,8971644.96,0.0,8971644.96,9380304.64,0.0,9380304.64
2026,4,"LOMBARDI,HERNAN SANTIAGO",Ministerio de Desarrollo Economico,9330511.11,0.0,9330511.11,9519168.22,0.0,9519168.22
2026,5,"LOMBARDI,HERNAN SANTIAGO",Ministerio de Desarrollo Economico,9330511.11,0.0,9330511.11,9322762.59,0.0,9322762.59
2026,6,"LOMBARDI,HERNAN SANTIAGO",Ministerio de Desarrollo Economico,9890341.32,4945170.66,14835511.98,9706047.59,4853023.8,14559071.39
2026,7,"LOMBARDI,HERNAN SANTIAGO",Ministerio de Desarrollo Economico,9890341.32,0.0,9890341.32,9429432.46,0.0,9429432.46
2026,1,"LOPEZ PRESA, RAUL",SECR Coordinacion,7801429.779999999,0.0,7801429.779999999,8619456.86,0.0,8619456.86
2026,2,"LOPEZ PRESA, RAUL",SECR Coordinacion,8152494.77,0.0,8152494.77,8779300.9,0.0,8779300.9
2026,3,"LOPEZ PRESA, RAUL",SECR Coordinacion,8152494.77,0.0,8152494.77,8523842.04,0.0,8523842.04
2026,4,"LOPEZ PRESA, RAUL",SECR Coordinacion,8478594.87,0.0,8478594.87,8650026.77,0.0,8650026.77
2026,5,"LOPEZ PRESA, RAUL",SECR Coordinacion,8478594.87,0.0,8478594.87,8471553.82,0.0,8471553.82
2026,6,"LOPEZ PRESA, RAUL",SECR Coordinacion,8987310.16,4493655.08,13480965.24,8819843.25,4409921.63,13229764.88
2026,7,"LOPEZ PRESA, RAUL",SECR Coordinacion,8987310.16,0.0,8987310.16,8568484.28,0.0,8568484.28
2026,1,"MACRI, JORGE",Jefe de Gobierno,10663414.12,0.0,10663414.12,11781537.56,0.0,11781537.56
2026,2,"MACRI, JORGE",Jefe de Gobierno,11143267.76,0.0,11143267.76,12000020.05,0.0,12000020.05
2026,3,"MACRI, JORGE",Jefe de Gobierno,11143267.76,0.0,11143267.76,11650845.16,0.0,11650845.16
2026,4,"MACRI, JORGE",Jefe de Gobierno,11622428.27,0.0,11622428.27,11857426.52,0.0,11857426.52
2026,5,"MACRI, JORGE",Jefe de Gobierno,12203549.69,0.0,12203549.69,12193415.25,0.0,12193415.25
2026,6,"MACRI, JORGE",Jefe de Gobierno,12474468.49,6237234.25,18711702.740000002,12242022.9,6121011.45,18363034.35
2026,7,"MACRI, JORGE",Jefe de Gobierno,12474468.49,0.0,12474468.49,11893134.35,0.0,11893134.35
2026,1,"MIGUEL, MARIA DE LAS MERCEDES",Ministerio de Educacion,8585305.5,0.0,8585305.5,9485526.69,0.0,9485526.69
2026,2,"MIGUEL, MARIA DE LAS MERCEDES",Ministerio de Educacion,8971644.96,0.0,8971644.96,9661431.61,0.0,9661431.61
2026,3,"MIGUEL, MARIA DE LAS MERCEDES",Ministerio de Educacion,8971644.96,0.0,8971644.96,9380304.64,0.0,9380304.64
2026,4,"MIGUEL, MARIA DE LAS MERCEDES",Ministerio de Educacion,9330511.11,0.0,9330511.11,9519168.22,0.0,9519168.22
2026,5,"MIGUEL, MARIA DE LAS MERCEDES",Ministerio de Educacion,9330511.11,0.0,9330511.11,9322762.59,0.0,9322762.59
2026,6,"MIGUEL, MARIA DE LAS MERCEDES",Ministerio de Educacion,9890341.32,4945170.66,14835511.98,9706047.59,4853023.8,14559071.39
2026,7,"MIGUEL, MARIA DE LAS MERCEDES",Ministerio de Educacion,9890341.32,0.0,9890341.32,9429432.46,0.0,9429432.46
2026,1,"MORALES GORLERI, VICTORIA","Consejo de los Derechos de Niñas, Niños y Adoles - Presidencia",7801429.779999999,0.0,7801429.779999999,8619456.86,0.0,8619456.86
2026,2,"MORALES GORLERI, VICTORIA","Consejo de los Derechos de Niñas, Niños y Adoles - Presidencia",8152494.77,0.0,8152494.77,8779300.9,0.0,8779300.9
2026,3,"MORALES GORLERI, VICTORIA","Consejo de los Derechos de Niñas, Niños y Adoles - Presidencia",8152494.77,0.0,8152494.77,8523842.04,0.0,8523842.04
2026,4,"MORALES GORLERI, VICTORIA","Consejo de los Derechos de Niñas, Niños y Adoles - Presidencia",8478594.87,0.0,8478594.87,8650026.77,0.0,8650026.77
2026,5,"MORALES GORLERI, VICTORIA","Consejo de los Derechos de Niñas, Niños y Adoles - Presidencia",8478594.87,0.0,8478594.87,8471553.82,0.0,8471553.82
2026,6,"MORALES GORLERI, VICTORIA","Consejo de los Derechos de Niñas, Niños y Adoles - Presidencia",8987310.16,4493655.08,13480965.24,8819843.25,4409921.63,13229764.88
2026,7,"MORALES GORLERI, VICTORIA","Consejo de los Derechos de Niñas, Niños y Adoles - Presidencia",8987310.16,0.0,8987310.16,8568484.28,0.0,8568484.28
2026,1,"MRAIDA, GABRIEL SEBASTIAN",Ministerio de Desarrollo Humano y Habitat,8585305.5,0.0,8585305.5,9485526.69,0.0,9485526.69
2026,2,"MRAIDA, GABRIEL SEBASTIAN",Ministerio de Desarrollo Humano y Habitat,8971644.96,0.0,8971644.96,9661431.61,0.0,9661431.61
2026,3,"MRAIDA, GABRIEL SEBASTIAN",Ministerio de Desarrollo Humano y Habitat,8971644.96,0.0,8971644.96,9380304.64,0.0,9380304.64
2026,4,"MRAIDA, GABRIEL SEBASTIAN",Ministerio de Desarrollo Humano y Habitat,9330511.11,0.0,9330511.11,9519168.22,0.0,9519168.22
2026,5,"MRAIDA, GABRIEL SEBASTIAN",Ministerio de Desarrollo Humano y Habitat,9330511.11,0.0,9330511.11,9322762.59,0.0,9322762.59
2026,6,"MRAIDA, GABRIEL SEBASTIAN",Ministerio de Desarrollo Humano y Habitat,9890341.32,4945170.66,14835511.98,9706047.59,4853023.8,14559071.39
2026,7,"MRAIDA, GABRIEL SEBASTIAN",Ministerio de Desarrollo Humano y Habitat,9890341.32,0.0,9890341.32,9429432.46,0.0,9429432.46
2026,1,"MUZZIO, MARIA CLARA",Vicejefatura de Gobierno,10663414.12,0.0,10663414.12,11781537.56,0.0,11781537.56
2026,2,"MUZZIO, MARIA CLARA",Vicejefatura de Gobierno,11143267.76,0.0,11143267.76,12000020.05,0.0,12000020.05
2026,3,"MUZZIO, MARIA CLARA",Vicejefatura de Gobierno,11143267.76,0.0,11143267.76,11650845.16,0.0,11650845.16
2026,4,"MUZZIO, MARIA CLARA",Vicejefatura de Gobierno,11622428.27,0.0,11622428.27,11857426.52,0.0,11857426.52
2026,5,"MUZZIO, MARIA CLARA",Vicejefatura de Gobierno,12203549.69,0.0,12203549.69,12193415.25,0.0,12193415.25
2026,6,"MUZZIO, MARIA CLARA",Vicejefatura de Gobierno,12474468.49,6237234.25,18711702.740000002,12242022.9,6121011.45,18363034.35
2026,7,"MUZZIO, MARIA CLARA",Vicejefatura de Gobierno,12474468.49,0.0,12474468.49,11893134.35,0.0,11893134.35
2026,1,"OCAMPO, FERNANDO MARTIN",Procuracion General de la Ciudad de Buenos Aires,8585305.5,0.0,8585305.5,9485526.69,0.0,9485526.69
2026,2,"OCAMPO, FERNANDO MARTIN",Procuracion General de la Ciudad de Buenos Aires,8971644.96,0.0,8971644.96,9661431.61,0.0,9661431.61
2026,3,"OCAMPO, FERNANDO MARTIN",Procuracion General de la Ciudad de Buenos Aires,8971644.96,0.0,8971644.96,9380304.64,0.0,9380304.64
2026,4,"OCAMPO, FERNANDO MARTIN",Procuracion General de la Ciudad de Buenos Aires,9330511.11,0.0,9330511.11,9519168.22,0.0,9519168.22
2026,5,"OCAMPO, FERNANDO MARTIN",Procuracion General de la Ciudad de Buenos Aires,9330511.11,0.0,9330511.11,9322762.59,0.0,9322762.59
2026,6,"OCAMPO, FERNANDO MARTIN",Procuracion General de la Ciudad de Buenos Aires,9890341.32,6403477.33,16293818.65,9706047.59,6284156.81,15990204.4
2026,7,"OCAMPO, FERNANDO MARTIN",Procuracion General de la Ciudad de Buenos Aires,9890341.32,0.0,9890341.32,9429432.46,0.0,9429432.46
2026,2,"OLIVERO MAJDALANI, AGUSTINA",SECR Gestion y Desarrollo Urbano,4619747.03,0.0,4619747.03,4974937.17,0.0,4974937.17
2026,3,"OLIVERO MAJDALANI, AGUSTINA",SECR Gestion y Desarrollo Urbano,8152494.77,0.0,8152494.77,8523842.04,0.0,8523842.04
2026,4,"OLIVERO MAJDALANI, AGUSTINA",SECR Gestion y Desarrollo Urbano,8478594.87,0.0,8478594.87,8650026.77,0.0,8650026.77
2026,5,"OLIVERO MAJDALANI, AGUSTINA",SECR Gestion y Desarrollo Urbano,8478594.87,0.0,8478594.87,8471553.82,0.0,8471553.82
2026,6,"OLIVERO MAJDALANI, AGUSTINA",SECR Gestion y Desarrollo Urbano,8987310.16,3420170.81,12407480.97,8819843.25,3356440.35,12176283.6
2026,7,"OLIVERO MAJDALANI, AGUSTINA",SECR Gestion y Desarrollo Urbano,8987310.16,0.0,8987310.16,8568484.28,0.0,8568484.28
2026,1,"PIÑEIRO, MAXIMILIANO HERNAN",SECR Seguridad,7801429.779999999,0.0,7801429.779999999,8619456.86,0.0,8619456.86
2026,2,"PIÑEIRO, MAXIMILIANO HERNAN",SECR Seguridad,8152494.77,0.0,8152494.77,8779300.9,0.0,8779300.9
2026,3,"PIÑEIRO, MAXIMILIANO HERNAN",SECR Seguridad,8152494.77,0.0,8152494.77,8523842.04,0.0,8523842.04
2026,4,"PIÑEIRO, MAXIMILIANO HERNAN",SECR Seguridad,8478594.87,0.0,8478594.87,8650026.77,0.0,8650026.77
2026,5,"PIÑEIRO, MAXIMILIANO HERNAN",SECR Seguridad,8478594.87,0.0,8478594.87,8471553.82,0.0,8471553.82
2026,6,"PIÑEIRO, MAXIMILIANO HERNAN",SECR Seguridad,8987310.16,4493655.08,13480965.24,8819843.25,4409921.63,13229764.88
2026,7,"PIÑEIRO, MAXIMILIANO HERNAN",SECR Seguridad,8987310.16,0.0,8987310.16,8568484.28,0.0,8568484.28
2026,1,"PIOLA, RAUL",SECR Innovacion y Transformacion Digital,7801429.779999999,0.0,7801429.779999999,8619456.86,0.0,8619456.86
2026,2,"PIOLA, RAUL",SECR Innovacion y Transformacion Digital,8152494.77,0.0,8152494.77,8779300.9,0.0,8779300.9
2026,3,"PIOLA, RAUL",SECR Innovacion y Transformacion Digital,8152494.77,0.0,8152494.77,8523842.04,0.0,8523842.04
2026,4,"PIOLA, RAUL",SECR Innovacion y Transformacion Digital,8478594.87,0.0,8478594.87,8650026.77,0.0,8650026.77
2026,5,"PIOLA, RAUL",SECR Innovacion y Transformacion Digital,8478594.87,0.0,8478594.87,8471553.82,0.0,8471553.82
2026,6,"PIOLA, RAUL",SECR Innovacion y Transformacion Digital,8987310.16,4493655.08,13480965.24,8819843.25,4409921.63,13229764.88
2026,7,"PIOLA, RAUL",SECR Innovacion y Transformacion Digital,8987310.16,0.0,8987310.16,8568484.28,0.0,8568484.28
2026,1,"POMPEO, FULVIO VALERIO",SECR General,8585305.5,0.0,8585305.5,9485526.69,0.0,9485526.69
2026,2,"POMPEO, FULVIO VALERIO",SECR General,8971644.96,0.0,8971644.96,9661431.61,0.0,9661431.61
2026,3,"POMPEO, FULVIO VALERIO",SECR General,8971644.96,0.0,8971644.96,9380304.64,0.0,9380304.64
2026,4,"POMPEO, FULVIO VALERIO",SECR General,9330511.11,0.0,9330511.11,9519168.22,0.0,9519168.22
2026,5,"POMPEO, FULVIO VALERIO",SECR General,9330511.11,0.0,9330511.11,9322762.59,0.0,9322762.59
2026,6,"POMPEO, FULVIO VALERIO",SECR General,9890341.32,4945170.66,14835511.98,9706047.59,4853023.8,14559071.39
2026,7,"POMPEO, FULVIO VALERIO",SECR General,9890341.32,0.0,9890341.32,9429432.46,0.0,9429432.46
2026,1,"QUINTANA, FRANCISCO JAVIER",SECR Justicia,7801429.779999999,0.0,7801429.779999999,8619456.86,0.0,8619456.86
2026,2,"QUINTANA, FRANCISCO JAVIER",SECR Justicia,8152494.77,0.0,8152494.77,8779300.9,0.0,8779300.9
2026,3,"QUINTANA, FRANCISCO JAVIER",SECR Justicia,8152494.77,0.0,8152494.77,8523842.04,0.0,8523842.04
2026,4,"QUINTANA, FRANCISCO JAVIER",SECR Justicia,8478594.87,0.0,8478594.87,8650026.77,0.0,8650026.77
2026,5,"QUINTANA, FRANCISCO JAVIER",SECR Justicia,8478594.87,0.0,8478594.87,8471553.82,0.0,8471553.82
2026,6,"QUINTANA, FRANCISCO JAVIER",SECR Justicia,8987310.16,4493655.08,13480965.24,8819843.25,4409921.63,13229764.88
2026,7,"QUINTANA, FRANCISCO JAVIER",SECR Justicia,8987310.16,0.0,8987310.16,8568484.28,0.0,8568484.28
2026,1,"RICARDES, GABRIELA BARBARA",Ministerio de Cultura,8585305.5,0.0,8585305.5,9485526.69,0.0,9485526.69
2026,2,"RICARDES, GABRIELA BARBARA",Ministerio de Cultura,8971644.96,0.0,8971644.96,9661431.61,0.0,9661431.61
2026,3,"RICARDES, GABRIELA BARBARA",Ministerio de Cultura,8971644.96,0.0,8971644.96,9380304.64,0.0,9380304.64
2026,4,"RICARDES, GABRIELA BARBARA",Ministerio de Cultura,9330511.11,0.0,9330511.11,9519168.22,0.0,9519168.22
2026,5,"RICARDES, GABRIELA BARBARA",Ministerio de Cultura,9330511.11,0.0,9330511.11,9322762.59,0.0,9322762.59
2026,6,"RICARDES, GABRIELA BARBARA",Ministerio de Cultura,9890341.32,4945170.66,14835511.98,9706047.59,4853023.8,14559071.39
2026,7,"RICARDES, GABRIELA BARBARA",Ministerio de Cultura,9890341.32,0.0,9890341.32,9429432.46,0.0,9429432.46
2026,1,"RIPANI, MARIA FLORENCIA",Universidad de la Ciudad,7801429.779999999,0.0,7801429.779999999,8619456.86,0.0,8619456.86
2026,2,"RIPANI, MARIA FLORENCIA",Universidad de la Ciudad,8152494.77,1358749.13,9511243.899999999,8779300.9,1463216.82,10242517.72
2026,1,"SALARI, JUAN IGNACIO",SECR Mantenimiento Urbano,7801429.779999999,0.0,7801429.779999999,8619456.86,0.0,8619456.86
2026,2,"SALARI, JUAN IGNACIO",SECR Mantenimiento Urbano,8152494.77,0.0,8152494.77,8779300.9,0.0,8779300.9
2026,3,"SALARI, JUAN IGNACIO",SECR Mantenimiento Urbano,8152494.77,0.0,8152494.77,8523842.04,0.0,8523842.04
2026,4,"SALARI, JUAN IGNACIO",SECR Mantenimiento Urbano,8478594.87,0.0,8478594.87,8650026.77,0.0,8650026.77
2026,5,"SALARI, JUAN IGNACIO",SECR Mantenimiento Urbano,8478594.87,0.0,8478594.87,8471553.82,0.0,8471553.82
2026,6,"SALARI, JUAN IGNACIO",SECR Mantenimiento Urbano,8987310.16,4493655.08,13480965.24,8819843.25,4409921.63,13229764.88
2026,7,"SALARI, JUAN IGNACIO",SECR Mantenimiento Urbano,8987310.16,0.0,8987310.16,8568484.28,0.0,8568484.28
2026,1,"SANCHEZ ZINNY, GABRIEL CESAR",Jefatura de Gabinete de Ministros,8585305.5,0.0,8585305.5,9485526.69,0.0,9485526.69
2026,2,"SANCHEZ ZINNY, GABRIEL CESAR",Jefatura de Gabinete de Ministros,8971644.96,0.0,8971644.96,9661431.61,0.0,9661431.61
2026,3,"SANCHEZ ZINNY, GABRIEL CESAR",Jefatura de Gabinete de Ministros,8971644.96,0.0,8971644.96,9380304.64,0.0,9380304.64
2026,4,"SANCHEZ ZINNY, GABRIEL CESAR",Jefatura de Gabinete de Ministros,9330511.11,0.0,9330511.11,9519168.22,0.0,9519168.22
2026,5,"SANCHEZ ZINNY, GABRIEL CESAR",Jefatura de Gabinete de Ministros,9330511.11,0.0,9330511.11,9322762.59,0.0,9322762.59
2026,6,"SANCHEZ ZINNY, GABRIEL CESAR",Jefatura de Gabinete de Ministros,9890341.32,4945170.66,14835511.98,9706047.59,4853023.8,14559071.39
2026,7,"SANCHEZ ZINNY, GABRIEL CESAR",Jefatura de Gabinete de Ministros,9890341.32,0.0,9890341.32,9429432.46,0.0,9429432.46
2026,1,"STURZENEGGER, JORGE OSCAR",SECR Comunicacion,8361341.01,0.0,8361341.01,9238078.17,0.0,9238078.17
2026,2,"STURZENEGGER, JORGE OSCAR",SECR Comunicacion,8737602.05,0.0,8737602.05,9409394.27,0.0,9409394.27
2026,3,"STURZENEGGER, JORGE OSCAR",SECR Comunicacion,8737602.05,0.0,8737602.05,9135601.04,0.0,9135601.04
2026,4,"STURZENEGGER, JORGE OSCAR",SECR Comunicacion,9087106.47,0.0,9087106.47,9270842.09,0.0,9270842.09
2026,5,"STURZENEGGER, JORGE OSCAR",SECR Comunicacion,9087106.47,0.0,9087106.47,9079560.08,0.0,9079560.08
2026,6,"STURZENEGGER, JORGE OSCAR",SECR Comunicacion,9632332.42,4816166.21,14448498.629999999,9452846.36,4726423.18,14179269.54
2026,7,"STURZENEGGER, JORGE OSCAR",SECR Comunicacion,9632332.42,0.0,9632332.42,9183447.27,0.0,9183447.27
2026,1,"TAPIA, GABINO MARIO",Ministerio de Justicia,8585305.5,0.0,8585305.5,9485526.69,0.0,9485526.69
2026,2,"TAPIA, GABINO MARIO",Ministerio de Justicia,8971644.96,0.0,8971644.96,9661431.61,0.0,9661431.61
2026,3,"TAPIA, GABINO MARIO",Ministerio de Justicia,8971644.96,0.0,8971644.96,9380304.64,0.0,9380304.64
2026,4,"TAPIA, GABINO MARIO",Ministerio de Justicia,9330511.11,0.0,9330511.11,9519168.22,0.0,9519168.22
2026,5,"TAPIA, GABINO MARIO",Ministerio de Justicia,9330511.11,0.0,9330511.11,9322762.59,0.0,9322762.59
2026,6,"TAPIA, GABINO MARIO",Ministerio de Justicia,9890341.32,4945170.66,14835511.98,9706047.59,4853023.8,14559071.39
2026,7,"TAPIA, GABINO MARIO",Ministerio de Justicia,9890341.32,0.0,9890341.32,9429432.46,0.0,9429432.46
2026,1,"TORRES, CESAR ANGEL",Unidad Relaciones Federales y Vinculacion Interjurisdiccional,7801429.779999999,0.0,7801429.779999999,8619456.86,0.0,8619456.86
2026,2,"TORRES, CESAR ANGEL",Unidad Relaciones Federales y Vinculacion Interjurisdiccional,8152494.77,0.0,8152494.77,8779300.9,0.0,8779300.9
2026,3,"TORRES, CESAR ANGEL",Unidad Relaciones Federales y Vinculacion Interjurisdiccional,8152494.77,0.0,8152494.77,8523842.04,0.0,8523842.04
2026,4,"TORRES, CESAR ANGEL",Unidad Relaciones Federales y Vinculacion Interjurisdiccional,8478594.87,0.0,8478594.87,8650026.77,0.0,8650026.77
2026,5,"TORRES, CESAR ANGEL",Unidad Relaciones Federales y Vinculacion Interjurisdiccional,8478594.87,0.0,8478594.87,8471553.82,0.0,8471553.82
2026,6,"TORRES, CESAR ANGEL",Unidad Relaciones Federales y Vinculacion Interjurisdiccional,8987310.16,4493655.08,13480965.24,8819843.25,4409921.63,13229764.88
2026,7,"TORRES, CESAR ANGEL",Unidad Relaciones Federales y Vinculacion Interjurisdiccional,8987310.16,0.0,8987310.16,8568484.28,0.0,8568484.28
2026,1,"TURNES, FABIAN ALEJANDRO",SECR Deportes,7801429.779999999,0.0,7801429.779999999,8619456.86,0.0,8619456.86
2026,2,"TURNES, FABIAN ALEJANDRO",SECR Deportes,8152494.77,0.0,8152494.77,8779300.9,0.0,8779300.9
2026,3,"TURNES, FABIAN ALEJANDRO",SECR Deportes,8152494.77,0.0,8152494.77,8523842.04,0.0,8523842.04
2026,4,"TURNES, FABIAN ALEJANDRO",SECR Deportes,8478594.87,0.0,8478594.87,8650026.77,0.0,8650026.77
2026,5,"TURNES, FABIAN ALEJANDRO",SECR Deportes,8478594.87,0.0,8478594.87,8471553.82,0.0,8471553.82
2026,6,"TURNES, FABIAN ALEJANDRO",SECR Deportes,8987310.16,4493655.08,13480965.24,8819843.25,4409921.63,13229764.88
2026,7,"TURNES, FABIAN ALEJANDRO",SECR Deportes,8987310.16,0.0,8987310.16,8568484.28,0.0,8568484.28
