mes,ordinario_nominal,aguinaldo_nominal,bruto_nominal,IPCBA_mes,IPCBA_base,base_real,ordinario_real,bruto_real,fuente,fila
2023-12,2442408.46,450057.54,2892466.0,685.4,2553.4,2026-07,9098987.104995623,10775638.582433617,https://cdn.buenosaires.gob.ar/datosabiertos/datasets/ministerio-de-economia-y-finanzas/sueldo-funcionarios/Sueldo_Funcionarios_2023.xlsx,268
2024-01,4084180.47,0.0,4084180.47,834.2,2553.4,2026-07,12501254.38995205,12501254.38995205,https://cdn.buenosaires.gob.ar/datosabiertos/datasets/ministerio-de-economia-y-finanzas/sueldo-funcionarios/Sueldo_Funcionarios_2024.xlsx,2
2024-02,4696807.53,0.0,4696807.53,951.99,2553.4,2026-07,12597641.096127061,12597641.096127061,https://cdn.buenosaires.gob.ar/datosabiertos/datasets/ministerio-de-economia-y-finanzas/sueldo-funcionarios/Sueldo_Funcionarios_2024.xlsx,3
2024-03,5354360.59,0.0,5354360.59,1077.95,2553.4,2026-07,12683171.14013266,12683171.14013266,https://cdn.buenosaires.gob.ar/datosabiertos/datasets/ministerio-de-economia-y-finanzas/sueldo-funcionarios/Sueldo_Funcionarios_2024.xlsx,4
2024-04,5889796.64,0.0,5889796.64,1183.17,2553.4,2026-07,12710774.22566157,12710774.22566157,https://cdn.buenosaires.gob.ar/datosabiertos/datasets/ministerio-de-economia-y-finanzas/sueldo-funcionarios/Sueldo_Funcionarios_2024.xlsx,5
2024-05,6243184.44,0.0,6243184.44,1234.95,2553.4,2026-07,12908496.011252277,12908496.011252277,https://cdn.buenosaires.gob.ar/datosabiertos/datasets/ministerio-de-economia-y-finanzas/sueldo-funcionarios/Sueldo_Funcionarios_2024.xlsx,6
2024-06,6492911.83,3246455.92,9739367.75,1294.53,2553.4,2026-07,12806965.513910068,19210448.28072737,https://cdn.buenosaires.gob.ar/datosabiertos/datasets/ministerio-de-economia-y-finanzas/sueldo-funcionarios/Sueldo_Funcionarios_2024.xlsx,7
2024-07,6817557.42,0.0,6817557.42,1360.55,2553.4,2026-07,12794789.692571387,12794789.692571387,https://cdn.buenosaires.gob.ar/datosabiertos/datasets/ministerio-de-economia-y-finanzas/sueldo-funcionarios/Sueldo_Funcionarios_2024.xlsx,8
2024-08,7090259.7,0.0,7090259.7,1417.46,2553.4,2026-07,12772331.577596545,12772331.577596545,https://cdn.buenosaires.gob.ar/datosabiertos/datasets/ministerio-de-economia-y-finanzas/sueldo-funcionarios/Sueldo_Funcionarios_2024.xlsx,9
2024-09,7302967.49,0.0,7302967.49,1474.29,2553.4,2026-07,12648391.557268923,12648391.557268923,https://cdn.buenosaires.gob.ar/datosabiertos/datasets/ministerio-de-economia-y-finanzas/sueldo-funcionarios/Sueldo_Funcionarios_2024.xlsx,10
2024-10,7646206.96,0.0,7646206.96,1522.05,2553.4,2026-07,12827321.606822379,12827321.606822379,https://cdn.buenosaires.gob.ar/datosabiertos/datasets/ministerio-de-economia-y-finanzas/sueldo-funcionarios/Sueldo_Funcionarios_2024.xlsx,11
2024-11,7837362.14,0.0,7837362.14,1570.26,2553.4,2026-07,12744335.643954504,12744335.643954504,https://cdn.buenosaires.gob.ar/datosabiertos/datasets/ministerio-de-economia-y-finanzas/sueldo-funcionarios/Sueldo_Funcionarios_2024.xlsx,12
2024-12,7837362.14,3918681.07,11756043.209999999,1622.53,2553.4,2026-07,12333775.33128879,18500662.996933185,https://cdn.buenosaires.gob.ar/datosabiertos/datasets/ministerio-de-economia-y-finanzas/sueldo-funcionarios/Sueldo_Funcionarios_2024.xlsx,13
2025-01,8282328.37,0.0,8282328.37,1673.49,2553.4,2026-07,12637121.978594434,12637121.978594434,https://cdn.buenosaires.gob.ar/datosabiertos/datasets/ministerio-de-economia-y-finanzas/sueldo-funcionarios/sueldo_funcionarios_2025.xlsx,164
2025-02,8530798.22,0.0,8530798.22,1707.89,2553.4,2026-07,12754065.059780197,12754065.059780197,https://cdn.buenosaires.gob.ar/datosabiertos/datasets/ministerio-de-economia-y-finanzas/sueldo-funcionarios/sueldo_funcionarios_2025.xlsx,165
2025-03,8530798.22,0.0,8530798.22,1761.98,2553.4,2026-07,12362535.428862985,12362535.428862985,https://cdn.buenosaires.gob.ar/datosabiertos/datasets/ministerio-de-economia-y-finanzas/sueldo-funcionarios/sueldo_funcionarios_2025.xlsx,166
2025-04,8795252.97,0.0,8795252.97,1802.79,2553.4,2026-07,12457246.231451252,12457246.231451252,https://cdn.buenosaires.gob.ar/datosabiertos/datasets/ministerio-de-economia-y-finanzas/sueldo-funcionarios/sueldo_funcionarios_2025.xlsx,167
2025-05,9322968.15,0.0,9322968.15,1831.11,2553.4,2026-07,13000457.031095894,13000457.031095894,https://cdn.buenosaires.gob.ar/datosabiertos/datasets/ministerio-de-economia-y-finanzas/sueldo-funcionarios/sueldo_funcionarios_2025.xlsx,168
2025-06,9322968.15,4661484.08,13984452.23,1870.43,2553.4,2026-07,12727162.670728123,19090744.012917884,https://cdn.buenosaires.gob.ar/datosabiertos/datasets/ministerio-de-economia-y-finanzas/sueldo-funcionarios/sueldo_funcionarios_2025.xlsx,169
2025-07,9322968.15,0.0,9322968.15,1916.97,2553.4,2026-07,12418173.92771405,12418173.92771405,https://cdn.buenosaires.gob.ar/datosabiertos/datasets/ministerio-de-economia-y-finanzas/sueldo-funcionarios/sueldo_funcionarios_2025.xlsx,170
2025-08,9742501.71,0.0,9742501.71,1947.42,2553.4,2026-07,12774082.563758204,12774082.563758204,https://cdn.buenosaires.gob.ar/datosabiertos/datasets/ministerio-de-economia-y-finanzas/sueldo-funcionarios/sueldo_funcionarios_2025.xlsx,171
2025-09,9742501.71,0.0,9742501.71,1990.42,2553.4,2026-07,12498117.917984145,12498117.917984145,https://cdn.buenosaires.gob.ar/datosabiertos/datasets/ministerio-de-economia-y-finanzas/sueldo-funcionarios/sueldo_funcionarios_2025.xlsx,172
2025-10,9888639.24,0.0,9888639.24,2033.44,2553.4,2026-07,12417209.967058778,12417209.967058778,https://cdn.buenosaires.gob.ar/datosabiertos/datasets/ministerio-de-economia-y-finanzas/sueldo-funcionarios/sueldo_funcionarios_2025.xlsx,173
2025-11,10383071.2,0.0,10383071.2,2082.5,2553.4,2026-07,12730916.687673468,12730916.687673468,https://cdn.buenosaires.gob.ar/datosabiertos/datasets/ministerio-de-economia-y-finanzas/sueldo-funcionarios/sueldo_funcionarios_2025.xlsx,174
2025-12,10383071.2,5191535.6,15574606.8,2137.99,2553.4,2026-07,12400494.858292134,18600742.287438203,https://cdn.buenosaires.gob.ar/datosabiertos/datasets/ministerio-de-economia-y-finanzas/sueldo-funcionarios/sueldo_funcionarios_2025.xlsx,175
2026-01,10663414.12,0.0,10663414.12,2203.37,2553.4,2026-07,12357416.872340098,12357416.872340098,https://cdn.buenosaires.gob.ar/datosabiertos/datasets/ministerio-de-economia-y-finanzas/sueldo-funcionarios/sueldo_funcionarios_2026.xlsx,110
2026-02,11143267.76,0.0,11143267.76,2260.6,2553.4,2026-07,12586578.739442626,12586578.739442626,https://cdn.buenosaires.gob.ar/datosabiertos/datasets/ministerio-de-economia-y-finanzas/sueldo-funcionarios/sueldo_funcionarios_2026.xlsx,111
2026-03,11143267.76,0.0,11143267.76,2328.35,2553.4,2026-07,12220336.246004252,12220336.246004252,https://cdn.buenosaires.gob.ar/datosabiertos/datasets/ministerio-de-economia-y-finanzas/sueldo-funcionarios/sueldo_funcionarios_2026.xlsx,112
2026-04,11622428.27,0.0,11622428.27,2386.16,2553.4,2026-07,12437015.264952058,12437015.264952058,https://cdn.buenosaires.gob.ar/datosabiertos/datasets/ministerio-de-economia-y-finanzas/sueldo-funcionarios/sueldo_funcionarios_2026.xlsx,113
2026-05,12203549.69,0.0,12203549.69,2436.43,2553.4,2026-07,12789427.062729485,12789427.062729485,https://cdn.buenosaires.gob.ar/datosabiertos/datasets/ministerio-de-economia-y-finanzas/sueldo-funcionarios/sueldo_funcionarios_2026.xlsx,114
2026-06,12474468.49,6237234.25,18711702.740000002,2480.63,2553.4,2026-07,12840410.638574071,19260615.96300779,https://cdn.buenosaires.gob.ar/datosabiertos/datasets/ministerio-de-economia-y-finanzas/sueldo-funcionarios/sueldo_funcionarios_2026.xlsx,115
2026-07,12474468.49,0.0,12474468.49,2553.4,2553.4,2026-07,12474468.49,12474468.49,https://cdn.buenosaires.gob.ar/datosabiertos/datasets/ministerio-de-economia-y-finanzas/sueldo-funcionarios/sueldo_funcionarios_2026.xlsx,116
