year,status,nominal,factor,real,price_basis,source
2005,Presupuesto aprobado,5709282624.0,1431.1114655675822,8170619823372.171,IPC observado medio anual,https://cdn.buenosaires.gob.ar/datosabiertos/datasets/ministerio-de-economia-y-finanzas/presupuesto-sancionado/presupuesto-sancionado-05-19.zip
2006,Presupuesto aprobado,7499515575.0,1290.463192569559,9677848811639.63,IPC observado medio anual,https://cdn.buenosaires.gob.ar/datosabiertos/datasets/ministerio-de-economia-y-finanzas/presupuesto-sancionado/presupuesto-sancionado-05-19.zip
2007,Presupuesto aprobado,9394776000.0,1094.9729833816068,10287025904921.918,IPC observado medio anual,https://cdn.buenosaires.gob.ar/datosabiertos/datasets/ministerio-de-economia-y-finanzas/presupuesto-sancionado/presupuesto-sancionado-05-19.zip
2008,Presupuesto aprobado,13103591570.0,862.2778085715188,11298936223395.828,IPC observado medio anual,https://cdn.buenosaires.gob.ar/datosabiertos/datasets/ministerio-de-economia-y-finanzas/presupuesto-sancionado/presupuesto-sancionado-05-19.zip
2009,Presupuesto aprobado,16755745427.0,752.6915674558255,12611908289339.41,IPC observado medio anual,https://cdn.buenosaires.gob.ar/datosabiertos/datasets/ministerio-de-economia-y-finanzas/presupuesto-sancionado/presupuesto-sancionado-05-19.zip
2010,Presupuesto aprobado,18039387874.0,611.8018803901033,11036531422399.627,IPC observado medio anual,https://cdn.buenosaires.gob.ar/datosabiertos/datasets/ministerio-de-economia-y-finanzas/presupuesto-sancionado/presupuesto-sancionado-05-19.zip
2011,Presupuesto aprobado,26939656970.0,495.8713764367838,13358604782448.697,IPC observado medio anual,https://cdn.buenosaires.gob.ar/datosabiertos/datasets/ministerio-de-economia-y-finanzas/presupuesto-sancionado/presupuesto-sancionado-05-19.zip
2012,Presupuesto aprobado,32905436924.0,399.16195206715844,13134598436206.594,IPC observado medio anual,https://cdn.buenosaires.gob.ar/datosabiertos/datasets/ministerio-de-economia-y-finanzas/presupuesto-sancionado/presupuesto-sancionado-05-19.zip
2013,Presupuesto definitivo,52008081032.0,317.33198167078825,16503827416779.494,IPC observado medio anual,https://cdn.buenosaires.gob.ar/datosabiertos/datasets/ministerio-de-economia-y-finanzas/presupuesto-ejecutado/historico_presupuesto_separados_por_cuatrimestres.zip
2014,Presupuesto definitivo,71373667952.0,228.75100337667246,16326798158693.451,IPC observado medio anual,https://cdn.buenosaires.gob.ar/datosabiertos/datasets/ministerio-de-economia-y-finanzas/presupuesto-ejecutado/historico_presupuesto_separados_por_cuatrimestres.zip
2015,Presupuesto definitivo,92347466755.0,180.88199510910525,16703994029916.17,IPC observado medio anual,https://cdn.buenosaires.gob.ar/datosabiertos/datasets/ministerio-de-economia-y-finanzas/presupuesto-ejecutado/historico_presupuesto_separados_por_cuatrimestres.zip
2016,Presupuesto definitivo,147046709866.0,128.9869993174789,18967113865123.26,IPC observado medio anual,https://cdn.buenosaires.gob.ar/datosabiertos/datasets/ministerio-de-economia-y-finanzas/presupuesto-ejecutado/historico_presupuesto_separados_por_cuatrimestres.zip
2017,Presupuesto definitivo,201574563956.0,102.74835604567484,20711455067102.742,IPC observado medio anual,https://cdn.buenosaires.gob.ar/datosabiertos/datasets/ministerio-de-economia-y-finanzas/presupuesto-ejecutado/historico_presupuesto_separados_por_cuatrimestres.zip
2018,Presupuesto definitivo,261418985442.0,76.51957137958794,20003668716508.582,IPC observado medio anual,https://cdn.buenosaires.gob.ar/datosabiertos/datasets/ministerio-de-economia-y-finanzas/presupuesto-ejecutado/historico_presupuesto_separados_por_cuatrimestres.zip
2019,Presupuesto definitivo,391576644929.0,49.834201493720165,19513909423626.703,IPC observado medio anual,https://cdn.buenosaires.gob.ar/datosabiertos/datasets/ministerio-de-economia-y-finanzas/presupuesto-ejecutado/historico_presupuesto_separados_por_cuatrimestres.zip
2020,Presupuesto definitivo,496832137024.0,35.09077791046122,17434226179089.021,IPC observado medio anual,https://cdn.buenosaires.gob.ar/datosabiertos/datasets/ministerio-de-economia-y-finanzas/presupuesto-ejecutado/presupuesto-ejecutado-2020-4-trimestre.xlsx
2021,Presupuesto definitivo,708238766137.0,23.644582462005648,16746009908715.43,IPC observado medio anual,https://cdn.buenosaires.gob.ar/datosabiertos/datasets/ministerio-de-economia-y-finanzas/presupuesto-ejecutado/presupuesto-ejecutado-2021-4-trimestre.xlsx
2022,Presupuesto definitivo,1213835397719.0,13.712508603716923,16644728334717.941,IPC observado medio anual,https://cdn.buenosaires.gob.ar/datosabiertos/datasets/ministerio-de-economia-y-finanzas/presupuesto-ejecutado/presupuesto-ejecutado-2022-4.xlsx
2023,Presupuesto definitivo,3142030725313.0,5.872872977394749,18452747340834.742,IPC observado medio anual,https://cdn.buenosaires.gob.ar/datosabiertos/datasets/ministerio-de-economia-y-finanzas/presupuesto-ejecutado/presupuesto-ejecutado-2023-4.xlsx
2024,Presupuesto definitivo,10203519643533.0,1.8359353767938575,18733002681373.285,IPC observado medio anual,https://cdn.buenosaires.gob.ar/datosabiertos/datasets/ministerio-de-economia-y-finanzas/presupuesto-ejecutado/presupuesto-ejecutado-2024-4.xlsx
2025,Presupuesto definitivo,14044514112403.0,1.2936370027122257,18168503140918.57,IPC observado medio anual,https://cdn.buenosaires.gob.ar/datosabiertos/datasets/ministerio-de-economia-y-finanzas/presupuesto-ejecutado/presupuesto-ejecutado-2025-4.xlsx
2026,Presupuesto — 30/06/2026,19877152039294.0,1.0528519813122725,20927698907415.965,REM octubre 2025 · IPC medio anual proyectado 2026,https://cdn.buenosaires.gob.ar/datosabiertos/datasets/ministerio-de-economia-y-finanzas/presupuesto-ejecutado/presupuesto-ejecutado-2026-2.xlsx
