anio,etapa,pesos_nominales,valor_grafico,factor,fuente
1997,Etapa definitiva (convención histórica),2977531064.93,6815683641448.315,2289.038633962514,https://www.estadisticaciudad.gob.ar/eyc/wp-content/uploads/2025/12/SP_Fi_AX01.xlsx
1998,Gasto ejecutado,2856270110.11,6471811141647.617,2265.8260221048827,https://www.estadisticaciudad.gob.ar/eyc/wp-content/uploads/2025/12/SP_Fi_AX01.xlsx
1999,Gasto ejecutado,3113795901.7799993,7138852447179.13,2292.652656873949,https://www.estadisticaciudad.gob.ar/eyc/wp-content/uploads/2025/12/SP_Fi_AX01.xlsx
2000,Gasto ejecutado,3148663999.9999995,7287434212563.654,2314.452800477807,https://www.estadisticaciudad.gob.ar/eyc/wp-content/uploads/2025/12/SP_Fi_AX01.xlsx
2001,Gasto ejecutado,3177918490.629999,7434461824128.245,2339.4123688346763,https://www.estadisticaciudad.gob.ar/eyc/wp-content/uploads/2025/12/SP_Fi_AX01.xlsx
2002,Gasto ejecutado,3022845796.6,5618340727381.993,1858.6263095859283,https://www.estadisticaciudad.gob.ar/eyc/wp-content/uploads/2025/12/SP_Fi_AX01.xlsx
2003,Gasto ejecutado,3510051083.06,5750801687740.219,1638.3811949331441,https://www.estadisticaciudad.gob.ar/eyc/wp-content/uploads/2025/12/SP_Fi_AX01.xlsx
2004,Gasto ejecutado,4278979145.899999,6714882151094.059,1569.2719973940689,https://www.estadisticaciudad.gob.ar/eyc/wp-content/uploads/2025/12/SP_Fi_AX01.xlsx
2005,Gasto ejecutado,5815692930.419999,8322904832944.392,1431.1114655675822,https://www.estadisticaciudad.gob.ar/eyc/wp-content/uploads/2025/12/SP_Fi_AX01.xlsx
2006,Gasto ejecutado,8263143774.632705,10663282896073.797,1290.463192569559,https://www.estadisticaciudad.gob.ar/eyc/wp-content/uploads/2025/12/SP_Fi_AX01.xlsx
2007,Gasto ejecutado,9917592766.759998,10859496139783.041,1094.9729833816068,https://www.estadisticaciudad.gob.ar/eyc/wp-content/uploads/2025/12/SP_Fi_AX01.xlsx
2008,Gasto ejecutado,13427992528.009998,11578659970567.19,862.2778085715188,https://www.estadisticaciudad.gob.ar/eyc/wp-content/uploads/2025/12/SP_Fi_AX01.xlsx
2009,Gasto ejecutado,15988903381.33,12034712747993.027,752.6915674558255,https://www.estadisticaciudad.gob.ar/eyc/wp-content/uploads/2025/12/SP_Fi_AX01.xlsx
2010,Gasto ejecutado,19951590000.0,12206420278772.38,611.8018803901033,https://www.estadisticaciudad.gob.ar/eyc/wp-content/uploads/2025/12/SP_Fi_AX01.xlsx
2011,Gasto ejecutado,27108305196.0,13442232610408.94,495.8713764367838,https://www.estadisticaciudad.gob.ar/eyc/wp-content/uploads/2025/12/SP_Fi_AX01.xlsx
2012,Gasto ejecutado,35232615230.71,14063519471921.3,399.16195206715844,https://www.estadisticaciudad.gob.ar/eyc/wp-content/uploads/2025/12/SP_Fi_AX01.xlsx
2013,Gasto ejecutado,50898374392.99999,16151682009952.39,317.33198167078825,https://www.estadisticaciudad.gob.ar/eyc/wp-content/uploads/2025/12/SP_Fi_AX01.xlsx
2014,Gasto ejecutado,68869170371.74998,15753891824256.812,228.75100337667246,https://www.estadisticaciudad.gob.ar/eyc/wp-content/uploads/2025/12/SP_Fi_AX01.xlsx
2015,Gasto ejecutado,89457327488.0,16181219873158.041,180.88199510910525,https://www.estadisticaciudad.gob.ar/eyc/wp-content/uploads/2025/12/SP_Fi_AX01.xlsx
2016,Gasto ejecutado,144200783880.0,18600026411909.484,128.9869993174789,https://www.estadisticaciudad.gob.ar/eyc/wp-content/uploads/2025/12/SP_Fi_AX01.xlsx
2017,Gasto ejecutado,197216997177.0,20263722244201.246,102.74835604567484,https://www.estadisticaciudad.gob.ar/eyc/wp-content/uploads/2025/12/SP_Fi_AX01.xlsx
2018,Gasto ejecutado,258384879993.9,19771500268099.492,76.51957137958794,https://www.estadisticaciudad.gob.ar/eyc/wp-content/uploads/2025/12/SP_Fi_AX01.xlsx
2019,Gasto ejecutado,384880020538.24,19180188494409.81,49.834201493720165,https://www.estadisticaciudad.gob.ar/eyc/wp-content/uploads/2025/12/SP_Fi_AX01.xlsx
2020,Gasto ejecutado,482921200000.0,16946080577453.424,35.09077791046122,https://www.estadisticaciudad.gob.ar/eyc/wp-content/uploads/2025/12/SP_Fi_AX01.xlsx
2021,Gasto ejecutado,704425918316.1499,16655856714000.262,23.644582462005648,https://www.estadisticaciudad.gob.ar/eyc/wp-content/uploads/2025/12/SP_Fi_AX01.xlsx
2022,Gasto ejecutado,1210953040252.4497,16605203983158.88,13.712508603716923,https://www.estadisticaciudad.gob.ar/eyc/wp-content/uploads/2025/12/SP_Fi_AX01.xlsx
2023,Gasto ejecutado,3129350016383.0103,18378275148025.598,5.872872977394749,https://www.estadisticaciudad.gob.ar/eyc/wp-content/uploads/2025/12/SP_Fi_AX01.xlsx
2024,Gasto ejecutado,9229025723148.498,16943894818468.84,1.8359353767938575,https://www.estadisticaciudad.gob.ar/eyc/wp-content/uploads/2025/12/SP_Fi_AX01.xlsx
2025,Gasto ejecutado · provisorio,13751703241459.578,17789712163469.766,1.2936370027122257,https://www.estadisticaciudad.gob.ar/eyc/wp-content/uploads/2025/12/SP_Fi_AX01.xlsx
2026,Presupuesto vigente — 30/06/2026,19877152039294.0,19877152039294.0,1,https://cdn.buenosaires.gob.ar/datosabiertos/datasets/ministerio-de-economia-y-finanzas/presupuesto-ejecutado/presupuesto-ejecutado-2026-2.xlsx
