anio,jurisdiccion,gasto_nominal_ARS,factor_IPC_empalmado,gasto_ARS_2T2026,fuente
2005,Buenos Aires,22102789549.1963,1431.1114655675822,31631555544882.156,https://www.argentina.gob.ar/sites/default/files/serie_aif-apnf-2025.xlsx
2005,CABA,5890130686.759697,1431.1114655675822,8429433559513.259,https://www.argentina.gob.ar/sites/default/files/serie_aif-apnf-2025.xlsx
2005,San Luis,1128999701.1798,1431.1114655675822,1615724416980.786,https://www.argentina.gob.ar/sites/default/files/serie_aif-apnf-2025.xlsx
2005,Santa Fe,5424736459.212536,1431.1114655675822,7763402544461.549,https://www.argentina.gob.ar/sites/default/files/serie_aif-apnf-2025.xlsx
2005,La Rioja,1172124601.4968865,1431.1114655675822,1677440956276.0273,https://www.argentina.gob.ar/sites/default/files/serie_aif-apnf-2025.xlsx
2005,Catamarca,1128928677.7996893,1431.1114655675822,1615622774607.186,https://www.argentina.gob.ar/sites/default/files/serie_aif-apnf-2025.xlsx
2005,Tucumán,2508079112.6559095,1431.1114655675822,3589340774672.44,https://www.argentina.gob.ar/sites/default/files/serie_aif-apnf-2025.xlsx
2005,Chaco,2439491550.042756,1431.1114655675822,3491184327421.4214,https://www.argentina.gob.ar/sites/default/files/serie_aif-apnf-2025.xlsx
2005,Formosa,1591090610.2496526,1431.1114655675822,2277028015085.199,https://www.argentina.gob.ar/sites/default/files/serie_aif-apnf-2025.xlsx
2005,Mendoza,2798304719.2354717,1431.1114655675822,4004685967849.7573,https://www.argentina.gob.ar/sites/default/files/serie_aif-apnf-2025.xlsx
2005,Entre Ríos,2762862622.687255,1431.1114655675822,3953964377115.851,https://www.argentina.gob.ar/sites/default/files/serie_aif-apnf-2025.xlsx
2005,Jujuy,1362136809.142678,1431.1114655675822,1949369605235.728,https://www.argentina.gob.ar/sites/default/files/serie_aif-apnf-2025.xlsx
2005,Santiago del Estero,1652205944.589,1431.1114655675822,2364490870780.2354,https://www.argentina.gob.ar/sites/default/files/serie_aif-apnf-2025.xlsx
2005,Corrientes,1983401395.722568,1431.1114655675822,2838468478241.3125,https://www.argentina.gob.ar/sites/default/files/serie_aif-apnf-2025.xlsx
2005,Misiones,1924113962.6989613,1431.1114655675822,2753621553077.1587,https://www.argentina.gob.ar/sites/default/files/serie_aif-apnf-2025.xlsx
2005,Salta,1817321794.3865266,1431.1114655675822,2600790056572.41,https://www.argentina.gob.ar/sites/default/files/serie_aif-apnf-2025.xlsx
2005,Córdoba,6186186125.918485,1431.1114655675822,8853121892937.047,https://www.argentina.gob.ar/sites/default/files/serie_aif-apnf-2025.xlsx
2005,La Pampa,1175998898.140384,1431.1114655675822,1682985506623.5466,https://www.argentina.gob.ar/sites/default/files/serie_aif-apnf-2025.xlsx
2005,Tierra del Fuego,935915666.1013803,1431.1114655675822,1339399640562.0063,https://www.argentina.gob.ar/sites/default/files/serie_aif-apnf-2025.xlsx
2005,Santa Cruz,1944079662.5024223,1431.1114655675822,2782194694983.972,https://www.argentina.gob.ar/sites/default/files/serie_aif-apnf-2025.xlsx
2005,Chubut,2105832531.54437,1431.1114655675822,3013681080458.355,https://www.argentina.gob.ar/sites/default/files/serie_aif-apnf-2025.xlsx
2005,San Juan,1294194256.744037,1431.1114655675822,1852136239498.1064,https://www.argentina.gob.ar/sites/default/files/serie_aif-apnf-2025.xlsx
2005,Río Negro,1554849463.0233538,1431.1114655675822,2225162893764.32,https://www.argentina.gob.ar/sites/default/files/serie_aif-apnf-2025.xlsx
2005,Neuquén,3101015660.133005,1431.1114655675822,4437899066120.969,https://www.argentina.gob.ar/sites/default/files/serie_aif-apnf-2025.xlsx
2005,Conjunto de provincias y CABA,75984790461.16312,1431.1114655675822,108742704837720.78,https://www.argentina.gob.ar/sites/default/files/serie_aif-apnf-2025.xlsx
2006,Buenos Aires,27569233694.369343,1290.463192569559,35577081329932.12,https://www.argentina.gob.ar/sites/default/files/serie_aif-apnf-2025.xlsx
2006,CABA,8221831383.356457,1290.463192569559,10609970775734.766,https://www.argentina.gob.ar/sites/default/files/serie_aif-apnf-2025.xlsx
2006,San Luis,1424758336.6711311,1290.463192569559,1838598191780.7224,https://www.argentina.gob.ar/sites/default/files/serie_aif-apnf-2025.xlsx
2006,Santa Fe,7158652492.21615,1290.463192569559,9237977549601.283,https://www.argentina.gob.ar/sites/default/files/serie_aif-apnf-2025.xlsx
2006,La Rioja,1348163495.7479572,1290.463192569559,1739755368828.646,https://www.argentina.gob.ar/sites/default/files/serie_aif-apnf-2025.xlsx
2006,Catamarca,1585403116.7075267,1290.463192569559,2045904367496.124,https://www.argentina.gob.ar/sites/default/files/serie_aif-apnf-2025.xlsx
2006,Tucumán,3217616378.89318,1290.463192569559,4152215504770.5967,https://www.argentina.gob.ar/sites/default/files/serie_aif-apnf-2025.xlsx
2006,Chaco,2960215494.7974553,1290.463192569559,3820049138110.2007,https://www.argentina.gob.ar/sites/default/files/serie_aif-apnf-2025.xlsx
2006,Formosa,1897074028.4485571,1290.463192569559,2448104207292.5195,https://www.argentina.gob.ar/sites/default/files/serie_aif-apnf-2025.xlsx
2006,Mendoza,3741579267.867238,1290.463192569559,4828370327264.029,https://www.argentina.gob.ar/sites/default/files/serie_aif-apnf-2025.xlsx
2006,Entre Ríos,3552872961.4693627,1290.463192569559,4584851784651.817,https://www.argentina.gob.ar/sites/default/files/serie_aif-apnf-2025.xlsx
2006,Jujuy,1688442053.8370564,1290.463192569559,2178872323263.271,https://www.argentina.gob.ar/sites/default/files/serie_aif-apnf-2025.xlsx
2006,Santiago del Estero,2358294712.765925,1290.463192569559,3043292524055.8267,https://www.argentina.gob.ar/sites/default/files/serie_aif-apnf-2025.xlsx
2006,Corrientes,2192430455.683105,1290.463192569559,2829250805327.5527,https://www.argentina.gob.ar/sites/default/files/serie_aif-apnf-2025.xlsx
2006,Misiones,2372010647.995153,1290.463192569559,3060992433620.8135,https://www.argentina.gob.ar/sites/default/files/serie_aif-apnf-2025.xlsx
2006,Salta,2229764831.4638257,1290.463192569559,2877429443090.133,https://www.argentina.gob.ar/sites/default/files/serie_aif-apnf-2025.xlsx
2006,Córdoba,7847125051.689233,1290.463192569559,10126426046695.453,https://www.argentina.gob.ar/sites/default/files/serie_aif-apnf-2025.xlsx
2006,La Pampa,1413619432.209885,1290.463192569559,1824223845567.9353,https://www.argentina.gob.ar/sites/default/files/serie_aif-apnf-2025.xlsx
2006,Tierra del Fuego,1294224791.020771,1290.463192569559,1670149455723.3345,https://www.argentina.gob.ar/sites/default/files/serie_aif-apnf-2025.xlsx
2006,Santa Cruz,2682916308.9663973,1290.463192569559,3462204745465.7144,https://www.argentina.gob.ar/sites/default/files/serie_aif-apnf-2025.xlsx
2006,Chubut,2504800373.744609,1290.463192569559,3232352687051.8926,https://www.argentina.gob.ar/sites/default/files/serie_aif-apnf-2025.xlsx
2006,San Juan,1942285140.5654147,1290.463192569559,2506447483374.4595,https://www.argentina.gob.ar/sites/default/files/serie_aif-apnf-2025.xlsx
2006,Río Negro,1960365466.0001044,1290.463192569559,2529779477857.606,https://www.argentina.gob.ar/sites/default/files/serie_aif-apnf-2025.xlsx
2006,Neuquén,3614206502.801366,1290.463192569559,4664000462210.711,https://www.argentina.gob.ar/sites/default/files/serie_aif-apnf-2025.xlsx
2006,Conjunto de provincias y CABA,96777886419.2872,1290.463192569559,124888300278767.52,https://www.argentina.gob.ar/sites/default/files/serie_aif-apnf-2025.xlsx
2007,Buenos Aires,34710794587.44489,1094.9729833816068,38007382304960.664,https://www.argentina.gob.ar/sites/default/files/serie_aif-apnf-2025.xlsx
2007,CABA,9945515490.169998,1094.9729833816068,10890070767539.426,https://www.argentina.gob.ar/sites/default/files/serie_aif-apnf-2025.xlsx
2007,San Luis,1837459902.7454724,1094.9729833816068,2011968951553.287,https://www.argentina.gob.ar/sites/default/files/serie_aif-apnf-2025.xlsx
2007,Santa Fe,9124438433.994896,1094.9729833816068,9991013573753.188,https://www.argentina.gob.ar/sites/default/files/serie_aif-apnf-2025.xlsx
2007,La Rioja,1579060628.824118,1094.9729833816068,1729028727683.9805,https://www.argentina.gob.ar/sites/default/files/serie_aif-apnf-2025.xlsx
2007,Catamarca,2243907116.365577,1094.9729833816068,2457017669638.0347,https://www.argentina.gob.ar/sites/default/files/serie_aif-apnf-2025.xlsx
2007,Tucumán,4330186432.285701,1094.9729833816068,4741437156358.43,https://www.argentina.gob.ar/sites/default/files/serie_aif-apnf-2025.xlsx
2007,Chaco,4169346543.7980595,1094.9729833816068,4565321823814.353,https://www.argentina.gob.ar/sites/default/files/serie_aif-apnf-2025.xlsx
2007,Formosa,2568538671.1992464,1094.9729833816068,2812480451734.067,https://www.argentina.gob.ar/sites/default/files/serie_aif-apnf-2025.xlsx
2007,Mendoza,4770758592.388153,1094.9729833816068,5223851768900.691,https://www.argentina.gob.ar/sites/default/files/serie_aif-apnf-2025.xlsx
2007,Entre Ríos,4591537868.636457,1094.9729833816068,5027609918330.486,https://www.argentina.gob.ar/sites/default/files/serie_aif-apnf-2025.xlsx
2007,Jujuy,2336652472.217305,1094.9729833816068,2558571328629.7896,https://www.argentina.gob.ar/sites/default/files/serie_aif-apnf-2025.xlsx
2007,Santiago del Estero,2920850553.71352,1094.9729833816068,3198252444811.511,https://www.argentina.gob.ar/sites/default/files/serie_aif-apnf-2025.xlsx
2007,Corrientes,2848662078.57042,1094.9729833816068,3119208014818.302,https://www.argentina.gob.ar/sites/default/files/serie_aif-apnf-2025.xlsx
2007,Misiones,3204782988.4972887,1094.9729833816068,3509150790005.498,https://www.argentina.gob.ar/sites/default/files/serie_aif-apnf-2025.xlsx
2007,Salta,3164103237.491846,1094.9729833816068,3464607561683.8477,https://www.argentina.gob.ar/sites/default/files/serie_aif-apnf-2025.xlsx
2007,Córdoba,10126024287.075085,1094.9729833816068,11087723023413.213,https://www.argentina.gob.ar/sites/default/files/serie_aif-apnf-2025.xlsx
2007,La Pampa,2074595742.023444,1094.9729833816068,2271626288954.189,https://www.argentina.gob.ar/sites/default/files/serie_aif-apnf-2025.xlsx
2007,Tierra del Fuego,1714497281.981877,1094.9729833816068,1877328203851.352,https://www.argentina.gob.ar/sites/default/files/serie_aif-apnf-2025.xlsx
2007,Santa Cruz,4162241208.7322807,1094.9729833816068,4557541673879.45,https://www.argentina.gob.ar/sites/default/files/serie_aif-apnf-2025.xlsx
2007,Chubut,3030211831.5235643,1094.9729833816068,3318000089441.6,https://www.argentina.gob.ar/sites/default/files/serie_aif-apnf-2025.xlsx
2007,San Juan,2472749792.088238,1094.9729833816068,2707594216999.1055,https://www.argentina.gob.ar/sites/default/files/serie_aif-apnf-2025.xlsx
2007,Río Negro,2371262212.4815803,1094.9729833816068,2596468059181.0254,https://www.argentina.gob.ar/sites/default/files/serie_aif-apnf-2025.xlsx
2007,Neuquén,4330561755.633417,1094.9729833816068,4741848125284.212,https://www.argentina.gob.ar/sites/default/files/serie_aif-apnf-2025.xlsx
2007,Conjunto de provincias y CABA,124628739709.88245,1094.9729833816068,136465102935219.72,https://www.argentina.gob.ar/sites/default/files/serie_aif-apnf-2025.xlsx
2008,Buenos Aires,46940336237.25084,862.2778085715188,40475610264266.91,https://www.argentina.gob.ar/sites/default/files/serie_aif-apnf-2025.xlsx
2008,CABA,13134052666.368006,862.2778085715188,11325202150818.717,https://www.argentina.gob.ar/sites/default/files/serie_aif-apnf-2025.xlsx
2008,San Luis,2209797742.2802334,862.2778085715188,1905459554599.6895,https://www.argentina.gob.ar/sites/default/files/serie_aif-apnf-2025.xlsx
2008,Santa Fe,11998142111.180393,862.2778085715188,10345731686558.285,https://www.argentina.gob.ar/sites/default/files/serie_aif-apnf-2025.xlsx
2008,La Rioja,2018572432.3044913,862.2778085715188,1740570213370.3972,https://www.argentina.gob.ar/sites/default/files/serie_aif-apnf-2025.xlsx
2008,Catamarca,2953461854.887759,862.2778085715188,2546704615932.19,https://www.argentina.gob.ar/sites/default/files/serie_aif-apnf-2025.xlsx
2008,Tucumán,5688532539.898873,862.2778085715188,4905095372491.776,https://www.argentina.gob.ar/sites/default/files/serie_aif-apnf-2025.xlsx
2008,Chaco,5680996529.114322,862.2778085715188,4898597237627.102,https://www.argentina.gob.ar/sites/default/files/serie_aif-apnf-2025.xlsx
2008,Formosa,3326883751.4372807,862.2778085715188,2868698030561.5317,https://www.argentina.gob.ar/sites/default/files/serie_aif-apnf-2025.xlsx
2008,Mendoza,6039815764.1304655,862.2778085715188,5207999101270.131,https://www.argentina.gob.ar/sites/default/files/serie_aif-apnf-2025.xlsx
2008,Entre Ríos,6133072787.243365,862.2778085715188,5288412562793.826,https://www.argentina.gob.ar/sites/default/files/serie_aif-apnf-2025.xlsx
2008,Jujuy,2959298678.6775956,862.2778085715188,2551737579558.7085,https://www.argentina.gob.ar/sites/default/files/serie_aif-apnf-2025.xlsx
2008,Santiago del Estero,3985515469.412761,862.2778085715188,3436621544993.1235,https://www.argentina.gob.ar/sites/default/files/serie_aif-apnf-2025.xlsx
2008,Corrientes,3687057919.280144,862.2778085715188,3179268222713.1465,https://www.argentina.gob.ar/sites/default/files/serie_aif-apnf-2025.xlsx
2008,Misiones,3999974683.7552443,862.2778085715188,3449089404650.026,https://www.argentina.gob.ar/sites/default/files/serie_aif-apnf-2025.xlsx
2008,Salta,3752912028.9049144,862.2778085715188,3236052760045.822,https://www.argentina.gob.ar/sites/default/files/serie_aif-apnf-2025.xlsx
2008,Córdoba,13946422012.34961,862.2778085715188,12025690210222.412,https://www.argentina.gob.ar/sites/default/files/serie_aif-apnf-2025.xlsx
2008,La Pampa,2306006199.4876614,862.2778085715188,1988417972246.5571,https://www.argentina.gob.ar/sites/default/files/serie_aif-apnf-2025.xlsx
2008,Tierra del Fuego,1993442974.668473,862.2778085715188,1718901639709.4207,https://www.argentina.gob.ar/sites/default/files/serie_aif-apnf-2025.xlsx
2008,Santa Cruz,5358572428.9270935,862.2778085715188,4620578091087.015,https://www.argentina.gob.ar/sites/default/files/serie_aif-apnf-2025.xlsx
2008,Chubut,4089668143.6763687,862.2778085715188,3526430084714.0103,https://www.argentina.gob.ar/sites/default/files/serie_aif-apnf-2025.xlsx
2008,San Juan,3310512983.45198,862.2778085715188,2854581880618.534,https://www.argentina.gob.ar/sites/default/files/serie_aif-apnf-2025.xlsx
2008,Río Negro,3008040016.3005304,862.2778085715188,2593766153351.057,https://www.argentina.gob.ar/sites/default/files/serie_aif-apnf-2025.xlsx
2008,Neuquén,5840639844.853044,862.2778085715188,5036254126075.378,https://www.argentina.gob.ar/sites/default/files/serie_aif-apnf-2025.xlsx
2008,Conjunto de provincias y CABA,164361727799.84143,862.2778085715188,141725470460275.75,https://www.argentina.gob.ar/sites/default/files/serie_aif-apnf-2025.xlsx
2009,Buenos Aires,59324730727.60779,752.6915674558255,44653224560257.88,https://www.argentina.gob.ar/sites/default/files/serie_aif-apnf-2025.xlsx
2009,CABA,15853218303.30026,752.6915674558255,11932583733930.455,https://www.argentina.gob.ar/sites/default/files/serie_aif-apnf-2025.xlsx
2009,San Luis,2732511955.246373,752.6915674558255,2056738706686.1753,https://www.argentina.gob.ar/sites/default/files/serie_aif-apnf-2025.xlsx
2009,Santa Fe,14691656839.89399,752.6915674558255,11058286215342.908,https://www.argentina.gob.ar/sites/default/files/serie_aif-apnf-2025.xlsx
2009,La Rioja,2641342542.4108734,752.6915674558255,1988116258434.9956,https://www.argentina.gob.ar/sites/default/files/serie_aif-apnf-2025.xlsx
2009,Catamarca,3016229147.6551123,752.6915674558255,2270290244954.475,https://www.argentina.gob.ar/sites/default/files/serie_aif-apnf-2025.xlsx
2009,Tucumán,6299698510.198898,752.6915674558255,4741729946140.737,https://www.argentina.gob.ar/sites/default/files/serie_aif-apnf-2025.xlsx
2009,Chaco,7148232757.370628,752.6915674558255,5380414518684.376,https://www.argentina.gob.ar/sites/default/files/serie_aif-apnf-2025.xlsx
2009,Formosa,3862602857.838548,752.6915674558255,2907348599525.848,https://www.argentina.gob.ar/sites/default/files/serie_aif-apnf-2025.xlsx
2009,Mendoza,7358971737.159125,752.6915674558255,5539035971705.421,https://www.argentina.gob.ar/sites/default/files/serie_aif-apnf-2025.xlsx
2009,Entre Ríos,7513919243.426959,752.6915674558255,5655663653071.528,https://www.argentina.gob.ar/sites/default/files/serie_aif-apnf-2025.xlsx
2009,Jujuy,3717424603.1474876,752.6915674558255,2798074151441.9326,https://www.argentina.gob.ar/sites/default/files/serie_aif-apnf-2025.xlsx
2009,Santiago del Estero,3997321816.3464336,752.6915674558255,3008750423571.1646,https://www.argentina.gob.ar/sites/default/files/serie_aif-apnf-2025.xlsx
2009,Corrientes,4101195822.6285443,752.6915674558255,3086935512177.563,https://www.argentina.gob.ar/sites/default/files/serie_aif-apnf-2025.xlsx
2009,Misiones,4791742030.993237,752.6915674558255,3606703820152.2603,https://www.argentina.gob.ar/sites/default/files/serie_aif-apnf-2025.xlsx
2009,Salta,4792741971.963577,752.6915674558255,3607456467288.5894,https://www.argentina.gob.ar/sites/default/files/serie_aif-apnf-2025.xlsx
2009,Córdoba,17140939415.501366,752.6915674558255,12901840556319.064,https://www.argentina.gob.ar/sites/default/files/serie_aif-apnf-2025.xlsx
2009,La Pampa,3089314676.3056474,752.6915674558255,2325301106072.784,https://www.argentina.gob.ar/sites/default/files/serie_aif-apnf-2025.xlsx
2009,Tierra del Fuego,2353918599.4587536,752.6915674558255,1771774680290.0308,https://www.argentina.gob.ar/sites/default/files/serie_aif-apnf-2025.xlsx
2009,Santa Cruz,5643736717.90071,752.6915674558255,4247993036504.6816,https://www.argentina.gob.ar/sites/default/files/serie_aif-apnf-2025.xlsx
2009,Chubut,4529293367.962184,752.6915674558255,3409160924598.7314,https://www.argentina.gob.ar/sites/default/files/serie_aif-apnf-2025.xlsx
2009,San Juan,3551909920.342443,752.6915674558255,2673492645404.4497,https://www.argentina.gob.ar/sites/default/files/serie_aif-apnf-2025.xlsx
2009,Río Negro,3649012735.5235734,752.6915674558255,2746581115567.5083,https://www.argentina.gob.ar/sites/default/files/serie_aif-apnf-2025.xlsx
2009,Neuquén,6863940715.304829,752.6915674558255,5166430295926.651,https://www.argentina.gob.ar/sites/default/files/serie_aif-apnf-2025.xlsx
2009,Conjunto de provincias y CABA,198665607015.48737,752.6915674558255,149533927144050.22,https://www.argentina.gob.ar/sites/default/files/serie_aif-apnf-2025.xlsx
2010,Buenos Aires,72348659179.81874,611.8018803901033,44263045729915.81,https://www.argentina.gob.ar/sites/default/files/serie_aif-apnf-2025.xlsx
2010,CABA,19782851594.24306,611.8018803901033,12103185804836.258,https://www.argentina.gob.ar/sites/default/files/serie_aif-apnf-2025.xlsx
2010,San Luis,3696870776.9189777,611.8018803901033,2261752492878.2524,https://www.argentina.gob.ar/sites/default/files/serie_aif-apnf-2025.xlsx
2010,Santa Fe,18769640752.398308,611.8018803901033,11483301506563.998,https://www.argentina.gob.ar/sites/default/files/serie_aif-apnf-2025.xlsx
2010,La Rioja,3312610069.9776363,611.8018803901033,2026661069811.5095,https://www.argentina.gob.ar/sites/default/files/serie_aif-apnf-2025.xlsx
2010,Catamarca,3741014467.1820016,611.8018803901033,2288759685588.529,https://www.argentina.gob.ar/sites/default/files/serie_aif-apnf-2025.xlsx
2010,Tucumán,8210554320.870071,611.8018803901033,5023232572553.397,https://www.argentina.gob.ar/sites/default/files/serie_aif-apnf-2025.xlsx
2010,Chaco,8358868193.614049,611.8018803901033,5113971278786.102,https://www.argentina.gob.ar/sites/default/files/serie_aif-apnf-2025.xlsx
2010,Formosa,5666126190.379263,611.8018803901033,3466546657801.6455,https://www.argentina.gob.ar/sites/default/files/serie_aif-apnf-2025.xlsx
2010,Mendoza,9219873389.576208,611.8018803901033,5640735876701.399,https://www.argentina.gob.ar/sites/default/files/serie_aif-apnf-2025.xlsx
2010,Entre Ríos,9508124582.432163,611.8018803901033,5817088498515.363,https://www.argentina.gob.ar/sites/default/files/serie_aif-apnf-2025.xlsx
2010,Jujuy,4607468268.723866,611.8018803901033,2818857750642.995,https://www.argentina.gob.ar/sites/default/files/serie_aif-apnf-2025.xlsx
2010,Santiago del Estero,5745265758.248425,611.8018803901033,3514964394237.259,https://www.argentina.gob.ar/sites/default/files/serie_aif-apnf-2025.xlsx
2010,Corrientes,5192755113.180097,611.8018803901033,3176937342648.9067,https://www.argentina.gob.ar/sites/default/files/serie_aif-apnf-2025.xlsx
2010,Misiones,6127595691.789272,611.8018803901033,3748874566506.9727,https://www.argentina.gob.ar/sites/default/files/serie_aif-apnf-2025.xlsx
2010,Salta,5723955560.232807,611.8018803901033,3501926775019.8184,https://www.argentina.gob.ar/sites/default/files/serie_aif-apnf-2025.xlsx
2010,Córdoba,22361627242.13265,611.8018803901033,13680885595319.314,https://www.argentina.gob.ar/sites/default/files/serie_aif-apnf-2025.xlsx
2010,La Pampa,4844769531.534896,611.8018803901033,2964039109449.729,https://www.argentina.gob.ar/sites/default/files/serie_aif-apnf-2025.xlsx
2010,Tierra del Fuego,2907493934.215152,611.8018803901033,1778810256175.6492,https://www.argentina.gob.ar/sites/default/files/serie_aif-apnf-2025.xlsx
2010,Santa Cruz,6848128417.627408,611.8018803901033,4189697843057.3506,https://www.argentina.gob.ar/sites/default/files/serie_aif-apnf-2025.xlsx
2010,Chubut,6016730361.642474,611.8018803901033,3681046949053.092,https://www.argentina.gob.ar/sites/default/files/serie_aif-apnf-2025.xlsx
2010,San Juan,4150237209.6439505,611.8018803901033,2539122928925.144,https://www.argentina.gob.ar/sites/default/files/serie_aif-apnf-2025.xlsx
2010,Río Negro,4595799828.715427,611.8018803901033,2811718977104.6133,https://www.argentina.gob.ar/sites/default/files/serie_aif-apnf-2025.xlsx
2010,Neuquén,7856706132.992329,611.8018803901033,4806747585837.164,https://www.argentina.gob.ar/sites/default/files/serie_aif-apnf-2025.xlsx
2010,Conjunto de provincias y CABA,249593726568.08917,611.8018803901033,152701911247930.25,https://www.argentina.gob.ar/sites/default/files/serie_aif-apnf-2025.xlsx
2011,Buenos Aires,98627770288.58864,495.8713764367838,48906688207893.375,https://www.argentina.gob.ar/sites/default/files/serie_aif-apnf-2025.xlsx
2011,CABA,27048730307.656734,495.8713764367838,13412691128525.096,https://www.argentina.gob.ar/sites/default/files/serie_aif-apnf-2025.xlsx
2011,San Luis,4396492943.760445,495.8713764367838,2180095007517.099,https://www.argentina.gob.ar/sites/default/files/serie_aif-apnf-2025.xlsx
2011,Santa Fe,26959534271.363056,495.8713764367838,13368461367235.443,https://www.argentina.gob.ar/sites/default/files/serie_aif-apnf-2025.xlsx
2011,La Rioja,4351381342.922197,495.8713764367838,2157725455916.1707,https://www.argentina.gob.ar/sites/default/files/serie_aif-apnf-2025.xlsx
2011,Catamarca,5148499468.097082,495.8713764367838,2552993517829.3496,https://www.argentina.gob.ar/sites/default/files/serie_aif-apnf-2025.xlsx
2011,Tucumán,11378717794.566277,495.8713764367838,5642380454877.305,https://www.argentina.gob.ar/sites/default/files/serie_aif-apnf-2025.xlsx
2011,Chaco,11745796731.227066,495.8713764367838,5824404392460.241,https://www.argentina.gob.ar/sites/default/files/serie_aif-apnf-2025.xlsx
2011,Formosa,7706330657.694376,495.8713764367838,3821348790507.8955,https://www.argentina.gob.ar/sites/default/files/serie_aif-apnf-2025.xlsx
2011,Mendoza,13146243301.248022,495.8713764367838,6518845760762.705,https://www.argentina.gob.ar/sites/default/files/serie_aif-apnf-2025.xlsx
2011,Entre Ríos,13408281455.375826,495.8713764367838,6648782980929.014,https://www.argentina.gob.ar/sites/default/files/serie_aif-apnf-2025.xlsx
2011,Jujuy,6259454735.465397,495.8713764367838,3103884435418.9707,https://www.argentina.gob.ar/sites/default/files/serie_aif-apnf-2025.xlsx
2011,Santiago del Estero,7911527096.146083,495.8713764367838,3923099830882.869,https://www.argentina.gob.ar/sites/default/files/serie_aif-apnf-2025.xlsx
2011,Corrientes,8257327237.219175,495.8713764367838,4094572222808.818,https://www.argentina.gob.ar/sites/default/files/serie_aif-apnf-2025.xlsx
2011,Misiones,8487182834.738647,495.8713764367838,4208551034332.4976,https://www.argentina.gob.ar/sites/default/files/serie_aif-apnf-2025.xlsx
2011,Salta,7838134329.978638,495.8713764367838,3886706458902.915,https://www.argentina.gob.ar/sites/default/files/serie_aif-apnf-2025.xlsx
2011,Córdoba,30055021236.451187,495.8713764367838,14903424749355.818,https://www.argentina.gob.ar/sites/default/files/serie_aif-apnf-2025.xlsx
2011,La Pampa,5715978077.445316,495.8713764367838,2834389916945.29,https://www.argentina.gob.ar/sites/default/files/serie_aif-apnf-2025.xlsx
2011,Tierra del Fuego,4077185571.078144,495.8713764367838,2021759621118.7136,https://www.argentina.gob.ar/sites/default/files/serie_aif-apnf-2025.xlsx
2011,Santa Cruz,9148001375.12092,495.8713764367838,4536232033526.802,https://www.argentina.gob.ar/sites/default/files/serie_aif-apnf-2025.xlsx
2011,Chubut,7569709901.376494,495.8713764367838,3753602468022.7134,https://www.argentina.gob.ar/sites/default/files/serie_aif-apnf-2025.xlsx
2011,San Juan,5416280960.696925,495.8713764367838,2685778695149.13,https://www.argentina.gob.ar/sites/default/files/serie_aif-apnf-2025.xlsx
2011,Río Negro,6093286522.056127,495.8713764367838,3021486374715.675,https://www.argentina.gob.ar/sites/default/files/serie_aif-apnf-2025.xlsx
2011,Neuquén,10063023365.554876,495.8713764367838,4989965247393.213,https://www.argentina.gob.ar/sites/default/files/serie_aif-apnf-2025.xlsx
2011,Conjunto de provincias y CABA,340809891805.8276,495.8713764367838,168997870153027.1,https://www.argentina.gob.ar/sites/default/files/serie_aif-apnf-2025.xlsx
2012,Buenos Aires,120847816042.38,399.16195206715844,48237850154529.266,https://www.argentina.gob.ar/sites/default/files/serie_aif-apnf-2025.xlsx
2012,CABA,35190927994.37965,399.16195206715844,14046879513291.393,https://www.argentina.gob.ar/sites/default/files/serie_aif-apnf-2025.xlsx
2012,San Luis,5310496415.982678,399.16195206715844,2119748115849.2947,https://www.argentina.gob.ar/sites/default/files/serie_aif-apnf-2025.xlsx
2012,Santa Fe,31933023863.72318,399.16195206715844,12746448140850.898,https://www.argentina.gob.ar/sites/default/files/serie_aif-apnf-2025.xlsx
2012,La Rioja,5452961760.863848,399.16195206715844,2176614861013.9832,https://www.argentina.gob.ar/sites/default/files/serie_aif-apnf-2025.xlsx
2012,Catamarca,6589229200.411326,399.16195206715844,2630169590254.1064,https://www.argentina.gob.ar/sites/default/files/serie_aif-apnf-2025.xlsx
2012,Tucumán,13737112115.323109,399.16195206715844,5483332487717.784,https://www.argentina.gob.ar/sites/default/files/serie_aif-apnf-2025.xlsx
2012,Chaco,14952104487.142464,399.16195206715844,5968311214599.904,https://www.argentina.gob.ar/sites/default/files/serie_aif-apnf-2025.xlsx
2012,Formosa,9784775079.359753,399.16195206715844,3905709921215.324,https://www.argentina.gob.ar/sites/default/files/serie_aif-apnf-2025.xlsx
2012,Mendoza,16729368847.090715,399.16195206715844,6677727525856.237,https://www.argentina.gob.ar/sites/default/files/serie_aif-apnf-2025.xlsx
2012,Entre Ríos,16542378328.662296,399.16195206715844,6603088025502.3,https://www.argentina.gob.ar/sites/default/files/serie_aif-apnf-2025.xlsx
2012,Jujuy,8188899985.624724,399.16195206715844,3268697303544.6904,https://www.argentina.gob.ar/sites/default/files/serie_aif-apnf-2025.xlsx
2012,Santiago del Estero,8798959265.781353,399.16195206715844,3512209756688.696,https://www.argentina.gob.ar/sites/default/files/serie_aif-apnf-2025.xlsx
2012,Corrientes,10349460493.028402,399.16195206715844,4131110853239.153,https://www.argentina.gob.ar/sites/default/files/serie_aif-apnf-2025.xlsx
2012,Misiones,11001814964.085003,399.16195206715844,4391505937345.844,https://www.argentina.gob.ar/sites/default/files/serie_aif-apnf-2025.xlsx
2012,Salta,10110032496.949013,399.16195206715844,4035540306944.576,https://www.argentina.gob.ar/sites/default/files/serie_aif-apnf-2025.xlsx
2012,Córdoba,35450509780.10259,399.16195206715844,14150494685601.643,https://www.argentina.gob.ar/sites/default/files/serie_aif-apnf-2025.xlsx
2012,La Pampa,6455542775.69111,399.16195206715844,2576807055997.906,https://www.argentina.gob.ar/sites/default/files/serie_aif-apnf-2025.xlsx
2012,Tierra del Fuego,5340226701.27962,399.16195206715844,2131615314563.9353,https://www.argentina.gob.ar/sites/default/files/serie_aif-apnf-2025.xlsx
2012,Santa Cruz,9590476154.300392,399.16195206715844,3828153183004.079,https://www.argentina.gob.ar/sites/default/files/serie_aif-apnf-2025.xlsx
2012,Chubut,9271811652.148767,399.16195206715844,3700954438270.7275,https://www.argentina.gob.ar/sites/default/files/serie_aif-apnf-2025.xlsx
2012,San Juan,7000307113.74439,399.16195206715844,2794256252591.826,https://www.argentina.gob.ar/sites/default/files/serie_aif-apnf-2025.xlsx
2012,Río Negro,7727491054.3398,399.16195206715844,3084520413831.779,https://www.argentina.gob.ar/sites/default/files/serie_aif-apnf-2025.xlsx
2012,Neuquén,13084374492.363579,399.16195206715844,5222784463949.581,https://www.argentina.gob.ar/sites/default/files/serie_aif-apnf-2025.xlsx
2012,Conjunto de provincias y CABA,419440101064.7577,399.16195206715844,167424529516254.9,https://www.argentina.gob.ar/sites/default/files/serie_aif-apnf-2025.xlsx
2013,Buenos Aires,151781055026.12094,317.33198167078825,48164982971521.914,https://www.argentina.gob.ar/sites/default/files/serie_aif-apnf-2025.xlsx
2013,CABA,50878147573.02776,317.33198167078825,16145263393087.705,https://www.argentina.gob.ar/sites/default/files/serie_aif-apnf-2025.xlsx
2013,San Luis,6914663316.661286,317.33198167078825,2194243812862.4312,https://www.argentina.gob.ar/sites/default/files/serie_aif-apnf-2025.xlsx
2013,Santa Fe,41853784818.70989,317.33198167078825,13281544476943.963,https://www.argentina.gob.ar/sites/default/files/serie_aif-apnf-2025.xlsx
2013,La Rioja,6985765673.320293,317.33198167078825,2216806864602.497,https://www.argentina.gob.ar/sites/default/files/serie_aif-apnf-2025.xlsx
2013,Catamarca,8780679731.34982,317.33198167078825,2786390499565.7627,https://www.argentina.gob.ar/sites/default/files/serie_aif-apnf-2025.xlsx
2013,Tucumán,18203067999.56401,317.33198167078825,5776415640789.759,https://www.argentina.gob.ar/sites/default/files/serie_aif-apnf-2025.xlsx
2013,Chaco,19391154348.86328,317.33198167078825,6153433436408.908,https://www.argentina.gob.ar/sites/default/files/serie_aif-apnf-2025.xlsx
2013,Formosa,12718615251.237001,317.33198167078825,4036023381783.348,https://www.argentina.gob.ar/sites/default/files/serie_aif-apnf-2025.xlsx
2013,Mendoza,22267052003.593513,317.33198167078825,7066047738266.825,https://www.argentina.gob.ar/sites/default/files/serie_aif-apnf-2025.xlsx
2013,Entre Ríos,21890286262.041615,317.33198167078825,6946487918874.497,https://www.argentina.gob.ar/sites/default/files/serie_aif-apnf-2025.xlsx
2013,Jujuy,11020803278.341988,317.33198167078825,3497253343920.1826,https://www.argentina.gob.ar/sites/default/files/serie_aif-apnf-2025.xlsx
2013,Santiago del Estero,12824834060.492634,317.33198167078825,4069730007015.1494,https://www.argentina.gob.ar/sites/default/files/serie_aif-apnf-2025.xlsx
2013,Corrientes,13326641384.175919,317.33198167078825,4228969519456.481,https://www.argentina.gob.ar/sites/default/files/serie_aif-apnf-2025.xlsx
2013,Misiones,15925778795.934238,317.33198167078825,5053758944964.432,https://www.argentina.gob.ar/sites/default/files/serie_aif-apnf-2025.xlsx
2013,Salta,13299529918.925463,317.33198167078825,4220366184462.5547,https://www.argentina.gob.ar/sites/default/files/serie_aif-apnf-2025.xlsx
2013,Córdoba,46487345792.11135,317.33198167078825,14751921562825.875,https://www.argentina.gob.ar/sites/default/files/serie_aif-apnf-2025.xlsx
2013,La Pampa,8285161729.870368,317.33198167078825,2629146790202.7397,https://www.argentina.gob.ar/sites/default/files/serie_aif-apnf-2025.xlsx
2013,Tierra del Fuego,6951681542.382168,317.33198167078825,2205990879788.375,https://www.argentina.gob.ar/sites/default/files/serie_aif-apnf-2025.xlsx
2013,Santa Cruz,11954868165.00619,317.33198167078825,3793662005414.434,https://www.argentina.gob.ar/sites/default/files/serie_aif-apnf-2025.xlsx
2013,Chubut,12021876514.046366,317.33198167078825,3814925897603.8413,https://www.argentina.gob.ar/sites/default/files/serie_aif-apnf-2025.xlsx
2013,San Juan,9963683411.4371,317.33198167078825,3161795401691.695,https://www.argentina.gob.ar/sites/default/files/serie_aif-apnf-2025.xlsx
2013,Río Negro,10569123314.938618,317.33198167078825,3353920846052.4023,https://www.argentina.gob.ar/sites/default/files/serie_aif-apnf-2025.xlsx
2013,Neuquén,16289579580.641615,317.33198167078825,5169204568909.012,https://www.argentina.gob.ar/sites/default/files/serie_aif-apnf-2025.xlsx
2013,Conjunto de provincias y CABA,550585179492.7933,317.33198167078825,174718286087014.75,https://www.argentina.gob.ar/sites/default/files/serie_aif-apnf-2025.xlsx
2014,Buenos Aires,203920924202.51718,228.75100337667246,46647116020824.18,https://www.argentina.gob.ar/sites/default/files/serie_aif-apnf-2025.xlsx
2014,CABA,67666274407.95922,228.75100337667246,15478728165581.926,https://www.argentina.gob.ar/sites/default/files/serie_aif-apnf-2025.xlsx
2014,San Luis,9840032644.549335,228.75100337667246,2250917340699.872,https://www.argentina.gob.ar/sites/default/files/serie_aif-apnf-2025.xlsx
2014,Santa Fe,58260130540.204315,228.75100337667246,13327063317927.656,https://www.argentina.gob.ar/sites/default/files/serie_aif-apnf-2025.xlsx
2014,La Rioja,9561492489.970003,228.75100337667246,2187201000859.1565,https://www.argentina.gob.ar/sites/default/files/serie_aif-apnf-2025.xlsx
2014,Catamarca,11576203948.674162,228.75100337667246,2648068268552.2124,https://www.argentina.gob.ar/sites/default/files/serie_aif-apnf-2025.xlsx
2014,Tucumán,25115052544.699512,228.75100337667246,5745093469457.864,https://www.argentina.gob.ar/sites/default/files/serie_aif-apnf-2025.xlsx
2014,Chaco,27828877630.88122,228.75100337667246,6365883680910.715,https://www.argentina.gob.ar/sites/default/files/serie_aif-apnf-2025.xlsx
2014,Formosa,17095636854.200665,228.75100337667246,3910644083761.6226,https://www.argentina.gob.ar/sites/default/files/serie_aif-apnf-2025.xlsx
2014,Mendoza,30088710419.83644,228.75100337667246,6882822698847.726,https://www.argentina.gob.ar/sites/default/files/serie_aif-apnf-2025.xlsx
2014,Entre Ríos,31060312350.595142,228.75100337667246,7105077615391.49,https://www.argentina.gob.ar/sites/default/files/serie_aif-apnf-2025.xlsx
2014,Jujuy,15434829744.0789,228.75100337667246,3530732790906.1567,https://www.argentina.gob.ar/sites/default/files/serie_aif-apnf-2025.xlsx
2014,Santiago del Estero,17423615307.13472,228.75100337667246,3985669483956.2163,https://www.argentina.gob.ar/sites/default/files/serie_aif-apnf-2025.xlsx
2014,Corrientes,17852963906.54367,228.75100337667246,4083883406869.383,https://www.argentina.gob.ar/sites/default/files/serie_aif-apnf-2025.xlsx
2014,Misiones,21975328438.385384,228.75100337667246,5026878429812.581,https://www.argentina.gob.ar/sites/default/files/serie_aif-apnf-2025.xlsx
2014,Salta,18091506842.4916,228.75100337667246,4138450342815.8887,https://www.argentina.gob.ar/sites/default/files/serie_aif-apnf-2025.xlsx
2014,Córdoba,64281420762.80742,228.75100337667246,14704439497970.264,https://www.argentina.gob.ar/sites/default/files/serie_aif-apnf-2025.xlsx
2014,La Pampa,11639743915.794825,228.75100337667246,2662603099785.5845,https://www.argentina.gob.ar/sites/default/files/serie_aif-apnf-2025.xlsx
2014,Tierra del Fuego,9964200233.633932,228.75100337667246,2279320801289.836,https://www.argentina.gob.ar/sites/default/files/serie_aif-apnf-2025.xlsx
2014,Santa Cruz,18263313225.96098,228.75100337667246,4177751225421.027,https://www.argentina.gob.ar/sites/default/files/serie_aif-apnf-2025.xlsx
2014,Chubut,18859864859.465187,228.75100337667246,4314213010151.1074,https://www.argentina.gob.ar/sites/default/files/serie_aif-apnf-2025.xlsx
2014,San Juan,13801961753.648474,228.75100337667246,3157212599713.546,https://www.argentina.gob.ar/sites/default/files/serie_aif-apnf-2025.xlsx
2014,Río Negro,13774371914.16289,228.75100337667246,3150901396248.2173,https://www.argentina.gob.ar/sites/default/files/serie_aif-apnf-2025.xlsx
2014,Neuquén,24773852391.320988,228.75100337667246,5667043592020.252,https://www.argentina.gob.ar/sites/default/files/serie_aif-apnf-2025.xlsx
2014,Conjunto de provincias y CABA,758150621329.5161,228.75100337667246,173427715339774.47,https://www.argentina.gob.ar/sites/default/files/serie_aif-apnf-2025.xlsx
2015,Buenos Aires,299003643102.76373,180.88199510910525,54084375509318.76,https://www.argentina.gob.ar/sites/default/files/serie_aif-apnf-2025.xlsx
2015,CABA,89282973273.13112,180.88199510910525,16149682334916.877,https://www.argentina.gob.ar/sites/default/files/serie_aif-apnf-2025.xlsx
2015,San Luis,14387900910.505796,180.88199510910525,2602512222124.4004,https://www.argentina.gob.ar/sites/default/files/serie_aif-apnf-2025.xlsx
2015,Santa Fe,80806295593.33125,180.88199510910525,14616403964297.857,https://www.argentina.gob.ar/sites/default/files/serie_aif-apnf-2025.xlsx
2015,La Rioja,12160218814.581535,180.88199510910525,2199564640144.787,https://www.argentina.gob.ar/sites/default/files/serie_aif-apnf-2025.xlsx
2015,Catamarca,15975160054.73986,180.88199510910525,2889618822888.629,https://www.argentina.gob.ar/sites/default/files/serie_aif-apnf-2025.xlsx
2015,Tucumán,32748848936.323116,180.88199510910525,5923677133128.824,https://www.argentina.gob.ar/sites/default/files/serie_aif-apnf-2025.xlsx
2015,Chaco,37671413809.56022,180.88199510910525,6814080488453.951,https://www.argentina.gob.ar/sites/default/files/serie_aif-apnf-2025.xlsx
2015,Formosa,23335539236.882175,180.88199510910525,4220978894114.055,https://www.argentina.gob.ar/sites/default/files/serie_aif-apnf-2025.xlsx
2015,Mendoza,42186111620.97222,180.88199510910525,7630708035896.865,https://www.argentina.gob.ar/sites/default/files/serie_aif-apnf-2025.xlsx
2015,Entre Ríos,40686184377.08695,180.88199510910525,7359398203504.396,https://www.argentina.gob.ar/sites/default/files/serie_aif-apnf-2025.xlsx
2015,Jujuy,21316798945.17322,180.88199510910525,3855825122542.6025,https://www.argentina.gob.ar/sites/default/files/serie_aif-apnf-2025.xlsx
2015,Santiago del Estero,23025868233.029762,180.88199510910525,4164964985109.7915,https://www.argentina.gob.ar/sites/default/files/serie_aif-apnf-2025.xlsx
2015,Corrientes,23791822900.98565,180.88199510910525,4303512393612.784,https://www.argentina.gob.ar/sites/default/files/serie_aif-apnf-2025.xlsx
2015,Misiones,32804202806.510204,180.88199510910525,5933689651605.275,https://www.argentina.gob.ar/sites/default/files/serie_aif-apnf-2025.xlsx
2015,Salta,26373342941.3505,180.88199510910525,4770462888928.116,https://www.argentina.gob.ar/sites/default/files/serie_aif-apnf-2025.xlsx
2015,Córdoba,90019015719.05414,180.88199510910525,16282819161020.42,https://www.argentina.gob.ar/sites/default/files/serie_aif-apnf-2025.xlsx
2015,La Pampa,14805196240.175646,180.88199510910525,2677993433904.7944,https://www.argentina.gob.ar/sites/default/files/serie_aif-apnf-2025.xlsx
2015,Tierra del Fuego,13837715697.140606,180.88199510910525,2502993623051.376,https://www.argentina.gob.ar/sites/default/files/serie_aif-apnf-2025.xlsx
2015,Santa Cruz,25335586352.768738,180.88199510910525,4582751406747.828,https://www.argentina.gob.ar/sites/default/files/serie_aif-apnf-2025.xlsx
2015,Chubut,24417705906.93138,180.88199510910525,4416723360433.133,https://www.argentina.gob.ar/sites/default/files/serie_aif-apnf-2025.xlsx
2015,San Juan,19199792854.181065,180.88199510910525,3472896837145.813,https://www.argentina.gob.ar/sites/default/files/serie_aif-apnf-2025.xlsx
2015,Río Negro,20889400035.79343,180.88199510910525,3778516355106.5303,https://www.argentina.gob.ar/sites/default/files/serie_aif-apnf-2025.xlsx
2015,Neuquén,36446596617.2577,180.88199510910525,6592533111066.339,https://www.argentina.gob.ar/sites/default/files/serie_aif-apnf-2025.xlsx
2015,Conjunto de provincias y CABA,1060507334980.2301,180.88199510910525,191826682579064.22,https://www.argentina.gob.ar/sites/default/files/serie_aif-apnf-2025.xlsx
2016,Buenos Aires,426859885907.724,128.9869993174789,55059375812238.72,https://www.argentina.gob.ar/sites/default/files/serie_aif-apnf-2025.xlsx
2016,CABA,143710567491.1368,128.9869993174789,18536794870893.77,https://www.argentina.gob.ar/sites/default/files/serie_aif-apnf-2025.xlsx
2016,San Luis,18252451790.59985,128.9869993174789,2354328986656.4194,https://www.argentina.gob.ar/sites/default/files/serie_aif-apnf-2025.xlsx
2016,Santa Fe,110670038791.66321,128.9869993174789,14274996218085.627,https://www.argentina.gob.ar/sites/default/files/serie_aif-apnf-2025.xlsx
2016,La Rioja,15434538937.563524,128.9869993174789,1990854863405.108,https://www.argentina.gob.ar/sites/default/files/serie_aif-apnf-2025.xlsx
2016,Catamarca,19850947125.624508,128.9869993174789,2560514103344.2383,https://www.argentina.gob.ar/sites/default/files/serie_aif-apnf-2025.xlsx
2016,Tucumán,42846506834.28355,128.9869993174789,5526642347790.087,https://www.argentina.gob.ar/sites/default/files/serie_aif-apnf-2025.xlsx
2016,Chaco,51140829154.80267,128.9869993174789,6596502095285.838,https://www.argentina.gob.ar/sites/default/files/serie_aif-apnf-2025.xlsx
2016,Formosa,29745046421.08774,128.9869993174789,3836724282415.2227,https://www.argentina.gob.ar/sites/default/files/serie_aif-apnf-2025.xlsx
2016,Mendoza,53678055354.77119,128.9869993174789,6923771289409.466,https://www.argentina.gob.ar/sites/default/files/serie_aif-apnf-2025.xlsx
2016,Entre Ríos,55576814739.81873,128.9869993174789,7168686564912.65,https://www.argentina.gob.ar/sites/default/files/serie_aif-apnf-2025.xlsx
2016,Jujuy,27934768380.26149,128.9869993174789,3603221949998.72,https://www.argentina.gob.ar/sites/default/files/serie_aif-apnf-2025.xlsx
2016,Santiago del Estero,27864802075.49525,128.9869993174789,3594197206293.591,https://www.argentina.gob.ar/sites/default/files/serie_aif-apnf-2025.xlsx
2016,Corrientes,32269052503.54019,128.9869993174789,4162288253249.8296,https://www.argentina.gob.ar/sites/default/files/serie_aif-apnf-2025.xlsx
2016,Misiones,39201107871.284454,128.9869993174789,5056433274237.785,https://www.argentina.gob.ar/sites/default/files/serie_aif-apnf-2025.xlsx
2016,Salta,35805790417.19464,128.9869993174789,4618481464104.478,https://www.argentina.gob.ar/sites/default/files/serie_aif-apnf-2025.xlsx
2016,Córdoba,121880028792.61287,128.9869993174789,15720939190687.064,https://www.argentina.gob.ar/sites/default/files/serie_aif-apnf-2025.xlsx
2016,La Pampa,22338373788.490887,128.9869993174789,2881359804609.6626,https://www.argentina.gob.ar/sites/default/files/serie_aif-apnf-2025.xlsx
2016,Tierra del Fuego,18029276761.385174,128.9869993174789,2325542309315.4277,https://www.argentina.gob.ar/sites/default/files/serie_aif-apnf-2025.xlsx
2016,Santa Cruz,30202861914.354477,128.9869993174789,3895776529132.7505,https://www.argentina.gob.ar/sites/default/files/serie_aif-apnf-2025.xlsx
2016,Chubut,33183030596.58144,128.9869993174789,4280179544913.132,https://www.argentina.gob.ar/sites/default/files/serie_aif-apnf-2025.xlsx
2016,San Juan,26712271957.761864,128.9869993174789,3445535804784.1406,https://www.argentina.gob.ar/sites/default/files/serie_aif-apnf-2025.xlsx
2016,Río Negro,27674602776.598785,128.9869993174789,3569663969456.6475,https://www.argentina.gob.ar/sites/default/files/serie_aif-apnf-2025.xlsx
2016,Neuquén,49355392682.29557,128.9869993174789,6366204002225.162,https://www.argentina.gob.ar/sites/default/files/serie_aif-apnf-2025.xlsx
2016,Conjunto de provincias y CABA,1460217043066.9329,128.9869993174789,188349014737445.53,https://www.argentina.gob.ar/sites/default/files/serie_aif-apnf-2025.xlsx
2017,Buenos Aires,550680852033.6866,102.74835604567484,56581552252292.82,https://www.argentina.gob.ar/sites/default/files/serie_aif-apnf-2025.xlsx
2017,CABA,198661811499.79996,102.74835604567484,20412174540660.188,https://www.argentina.gob.ar/sites/default/files/serie_aif-apnf-2025.xlsx
2017,San Luis,26230234871.568157,102.74835604567484,2695113511745.561,https://www.argentina.gob.ar/sites/default/files/serie_aif-apnf-2025.xlsx
2017,Santa Fe,150814903606.9167,102.74835604567484,15495983412797.605,https://www.argentina.gob.ar/sites/default/files/serie_aif-apnf-2025.xlsx
2017,La Rioja,23920926616.84929,102.74835604567484,2457835884970.4907,https://www.argentina.gob.ar/sites/default/files/serie_aif-apnf-2025.xlsx
2017,Catamarca,26351019377.49561,102.74835604567484,2707523921165.396,https://www.argentina.gob.ar/sites/default/files/serie_aif-apnf-2025.xlsx
2017,Tucumán,56474202318.65271,102.74835604567484,5802631447232.404,https://www.argentina.gob.ar/sites/default/files/serie_aif-apnf-2025.xlsx
2017,Chaco,65754233850.090675,102.74835604567484,6756139431139.682,https://www.argentina.gob.ar/sites/default/files/serie_aif-apnf-2025.xlsx
2017,Formosa,38954893643.07213,102.74835604567484,4002551281759.7705,https://www.argentina.gob.ar/sites/default/files/serie_aif-apnf-2025.xlsx
2017,Mendoza,72885980951.03862,102.74835604567484,7488914721495.59,https://www.argentina.gob.ar/sites/default/files/serie_aif-apnf-2025.xlsx
2017,Entre Ríos,71611818281.35739,102.74835604567484,7357996601851.076,https://www.argentina.gob.ar/sites/default/files/serie_aif-apnf-2025.xlsx
2017,Jujuy,37180418418.83192,102.74835604567484,3820226869625.3086,https://www.argentina.gob.ar/sites/default/files/serie_aif-apnf-2025.xlsx
2017,Santiago del Estero,38337894283.77183,102.74835604567484,3939155611910.43,https://www.argentina.gob.ar/sites/default/files/serie_aif-apnf-2025.xlsx
2017,Corrientes,46767806040.618965,102.74835604567484,4805315186536.58,https://www.argentina.gob.ar/sites/default/files/serie_aif-apnf-2025.xlsx
2017,Misiones,50163735558.75468,102.74835604567484,5154241361772.005,https://www.argentina.gob.ar/sites/default/files/serie_aif-apnf-2025.xlsx
2017,Salta,49847800472.267365,102.74835604567484,5121779551018.285,https://www.argentina.gob.ar/sites/default/files/serie_aif-apnf-2025.xlsx
2017,Córdoba,170607587641.5741,102.74835604567484,17529649159090.129,https://www.argentina.gob.ar/sites/default/files/serie_aif-apnf-2025.xlsx
2017,La Pampa,28742583006.643414,102.74835604567484,2953253152438.9604,https://www.argentina.gob.ar/sites/default/files/serie_aif-apnf-2025.xlsx
2017,Tierra del Fuego,23841625053.463852,102.74835604567484,2449687779700.785,https://www.argentina.gob.ar/sites/default/files/serie_aif-apnf-2025.xlsx
2017,Santa Cruz,34987777534.928795,102.74835604567484,3594936623405.7275,https://www.argentina.gob.ar/sites/default/files/serie_aif-apnf-2025.xlsx
2017,Chubut,43898426200.56902,102.74835604567484,4510491125100.847,https://www.argentina.gob.ar/sites/default/files/serie_aif-apnf-2025.xlsx
2017,San Juan,36618054837.0138,102.74835604567484,3762444936093.54,https://www.argentina.gob.ar/sites/default/files/serie_aif-apnf-2025.xlsx
2017,Río Negro,36148056068.224945,102.74835604567484,3714153335256.9937,https://www.argentina.gob.ar/sites/default/files/serie_aif-apnf-2025.xlsx
2017,Neuquén,66564321715.08306,102.74835604567484,6839374627520.199,https://www.argentina.gob.ar/sites/default/files/serie_aif-apnf-2025.xlsx
2017,Conjunto de provincias y CABA,1946046963882.2732,102.74835604567484,199953126326580.34,https://www.argentina.gob.ar/sites/default/files/serie_aif-apnf-2025.xlsx
2018,Buenos Aires,713548371662.4945,76.51957137958794,54600415558216.99,https://www.argentina.gob.ar/sites/default/files/serie_aif-apnf-2025.xlsx
2018,CABA,256753149594.43658,76.51957137958794,19646640957325.51,https://www.argentina.gob.ar/sites/default/files/serie_aif-apnf-2025.xlsx
2018,San Luis,32743214895.803772,76.51957137958794,2505496769416.644,https://www.argentina.gob.ar/sites/default/files/serie_aif-apnf-2025.xlsx
2018,Santa Fe,192699135412.5393,76.51957137958794,14745255246984.684,https://www.argentina.gob.ar/sites/default/files/serie_aif-apnf-2025.xlsx
2018,La Rioja,29847605438.00143,76.51957137958794,2283925974822.9277,https://www.argentina.gob.ar/sites/default/files/serie_aif-apnf-2025.xlsx
2018,Catamarca,33180416887.570965,76.51957137958794,2538951278432.9717,https://www.argentina.gob.ar/sites/default/files/serie_aif-apnf-2025.xlsx
2018,Tucumán,75249969714.50409,76.51957137958794,5758095428880.827,https://www.argentina.gob.ar/sites/default/files/serie_aif-apnf-2025.xlsx
2018,Chaco,81377510216.85558,76.51957137958794,6226972201731.827,https://www.argentina.gob.ar/sites/default/files/serie_aif-apnf-2025.xlsx
2018,Formosa,50914533519.922874,76.51957137958794,3895958281936.1616,https://www.argentina.gob.ar/sites/default/files/serie_aif-apnf-2025.xlsx
2018,Mendoza,95990580951.60965,76.51957137958794,7345158110894.81,https://www.argentina.gob.ar/sites/default/files/serie_aif-apnf-2025.xlsx
2018,Entre Ríos,92541866992.863,76.51957137958794,7081263996960.715,https://www.argentina.gob.ar/sites/default/files/serie_aif-apnf-2025.xlsx
2018,Jujuy,46966884126.03895,76.51957137958794,3593885842359.2734,https://www.argentina.gob.ar/sites/default/files/serie_aif-apnf-2025.xlsx
2018,Santiago del Estero,46255232634.28687,76.51957137958794,3539430575238.7603,https://www.argentina.gob.ar/sites/default/files/serie_aif-apnf-2025.xlsx
2018,Corrientes,61286346884.84243,76.51957137958794,4689604995048.888,https://www.argentina.gob.ar/sites/default/files/serie_aif-apnf-2025.xlsx
2018,Misiones,63568908932.548134,76.51957137958794,4864265664586.643,https://www.argentina.gob.ar/sites/default/files/serie_aif-apnf-2025.xlsx
2018,Salta,59417958331.54664,76.51957137958794,4546636703780.165,https://www.argentina.gob.ar/sites/default/files/serie_aif-apnf-2025.xlsx
2018,Córdoba,236598475824.47894,76.51957137958794,18104413959152.93,https://www.argentina.gob.ar/sites/default/files/serie_aif-apnf-2025.xlsx
2018,La Pampa,37308933462.719894,76.51957137958794,2854863597196.892,https://www.argentina.gob.ar/sites/default/files/serie_aif-apnf-2025.xlsx
2018,Tierra del Fuego,30331941340.85834,76.51957137958794,2320987150513.284,https://www.argentina.gob.ar/sites/default/files/serie_aif-apnf-2025.xlsx
2018,Santa Cruz,45873679055.69553,76.51957137958794,3510234258946.603,https://www.argentina.gob.ar/sites/default/files/serie_aif-apnf-2025.xlsx
2018,Chubut,53238035263.59919,76.51957137958794,4073751639461.998,https://www.argentina.gob.ar/sites/default/files/serie_aif-apnf-2025.xlsx
2018,San Juan,51053094051.15981,76.51957137958794,3906560874396.54,https://www.argentina.gob.ar/sites/default/files/serie_aif-apnf-2025.xlsx
2018,Río Negro,47989138236.483864,76.51957137958794,3672108288731.54,https://www.argentina.gob.ar/sites/default/files/serie_aif-apnf-2025.xlsx
2018,Neuquén,92853969857.34644,76.51957137958794,7105145974377.328,https://www.argentina.gob.ar/sites/default/files/serie_aif-apnf-2025.xlsx
2018,Conjunto de provincias y CABA,2527588953288.2075,76.51957137958794,193410023329394.97,https://www.argentina.gob.ar/sites/default/files/serie_aif-apnf-2025.xlsx
2019,Buenos Aires,1024200619950.6027,49.834201493720165,51040220064611.445,https://www.argentina.gob.ar/sites/default/files/serie_aif-apnf-2025.xlsx
2019,CABA,382397335623.8477,49.834201493720165,19056465874140.562,https://www.argentina.gob.ar/sites/default/files/serie_aif-apnf-2025.xlsx
2019,San Luis,51445987339.947914,49.834201493720165,2563769699142.341,https://www.argentina.gob.ar/sites/default/files/serie_aif-apnf-2025.xlsx
2019,Santa Fe,283855634808.2669,49.834201493720165,14145718900163.02,https://www.argentina.gob.ar/sites/default/files/serie_aif-apnf-2025.xlsx
2019,La Rioja,41530525156.77644,49.834201493720165,2069640558802.8115,https://www.argentina.gob.ar/sites/default/files/serie_aif-apnf-2025.xlsx
2019,Catamarca,49945620630.37871,49.834201493720165,2489000122223.199,https://www.argentina.gob.ar/sites/default/files/serie_aif-apnf-2025.xlsx
2019,Tucumán,116479193819.97322,49.834201493720165,5804647614650.63,https://www.argentina.gob.ar/sites/default/files/serie_aif-apnf-2025.xlsx
2019,Chaco,113074218515.14503,49.834201493720165,5634963389228.681,https://www.argentina.gob.ar/sites/default/files/serie_aif-apnf-2025.xlsx
2019,Formosa,71978319479.52179,49.834201493720165,3586982076121.852,https://www.argentina.gob.ar/sites/default/files/serie_aif-apnf-2025.xlsx
2019,Mendoza,145756676443.07883,49.834201493720165,7263667582919.365,https://www.argentina.gob.ar/sites/default/files/serie_aif-apnf-2025.xlsx
2019,Entre Ríos,136720137067.34482,49.834201493720165,6813338858863.101,https://www.argentina.gob.ar/sites/default/files/serie_aif-apnf-2025.xlsx
2019,Jujuy,61785169704.710205,49.834201493720165,3079014596388.223,https://www.argentina.gob.ar/sites/default/files/serie_aif-apnf-2025.xlsx
2019,Santiago del Estero,67079096168.07051,49.834201493720165,3342833194456.2583,https://www.argentina.gob.ar/sites/default/files/serie_aif-apnf-2025.xlsx
2019,Corrientes,86567865337.28949,49.834201493720165,4314040444099.7183,https://www.argentina.gob.ar/sites/default/files/serie_aif-apnf-2025.xlsx
2019,Misiones,94418451871.96533,49.834201493720165,4705268155312.641,https://www.argentina.gob.ar/sites/default/files/serie_aif-apnf-2025.xlsx
2019,Salta,87963048652.3407,49.834201493720165,4383568290542.6562,https://www.argentina.gob.ar/sites/default/files/serie_aif-apnf-2025.xlsx
2019,Córdoba,308980146305.4392,49.834201493720165,15397778868544.395,https://www.argentina.gob.ar/sites/default/files/serie_aif-apnf-2025.xlsx
2019,La Pampa,57190672329.83453,49.834201493720165,2850051488446.301,https://www.argentina.gob.ar/sites/default/files/serie_aif-apnf-2025.xlsx
2019,Tierra del Fuego,42317325626.17861,49.834201493720165,2108850131930.3528,https://www.argentina.gob.ar/sites/default/files/serie_aif-apnf-2025.xlsx
2019,Santa Cruz,63641412498.548645,49.834201493720165,3171518973797.6343,https://www.argentina.gob.ar/sites/default/files/serie_aif-apnf-2025.xlsx
2019,Chubut,90240522743.90433,49.834201493720165,4497064393318.365,https://www.argentina.gob.ar/sites/default/files/serie_aif-apnf-2025.xlsx
2019,San Juan,74563808091.37953,49.834201493720165,3715827836564.8896,https://www.argentina.gob.ar/sites/default/files/serie_aif-apnf-2025.xlsx
2019,Río Negro,73749979203.613,49.834201493720165,3675271323790.5225,https://www.argentina.gob.ar/sites/default/files/serie_aif-apnf-2025.xlsx
2019,Neuquén,147523870357.18124,49.834201493720165,7351734280513.222,https://www.argentina.gob.ar/sites/default/files/serie_aif-apnf-2025.xlsx
2019,Conjunto de provincias y CABA,3673405637725.3394,49.834201493720165,183061236718572.2,https://www.argentina.gob.ar/sites/default/files/serie_aif-apnf-2025.xlsx
2020,Buenos Aires,1399838449873.4824,35.09077791046122,49121420155034.67,https://www.argentina.gob.ar/sites/default/files/serie_aif-apnf-2025.xlsx
2020,CABA,482146972181.72,35.09077791046122,16918912321030.06,https://www.argentina.gob.ar/sites/default/files/serie_aif-apnf-2025.xlsx
2020,San Luis,66182362015.83645,35.09077791046122,2322390567087.4614,https://www.argentina.gob.ar/sites/default/files/serie_aif-apnf-2025.xlsx
2020,Santa Fe,360162935729.52905,35.09077791046122,12638397589264.623,https://www.argentina.gob.ar/sites/default/files/serie_aif-apnf-2025.xlsx
2020,La Rioja,56887102412.00843,35.09077791046122,1996212676709.4507,https://www.argentina.gob.ar/sites/default/files/serie_aif-apnf-2025.xlsx
2020,Catamarca,70355594801.38579,35.09077791046122,2468832551933.8286,https://www.argentina.gob.ar/sites/default/files/serie_aif-apnf-2025.xlsx
2020,Tucumán,156867494115.0667,35.09077791046122,5504602397362.389,https://www.argentina.gob.ar/sites/default/files/serie_aif-apnf-2025.xlsx
2020,Chaco,144074233620.44833,35.09077791046122,5055676934595.058,https://www.argentina.gob.ar/sites/default/files/serie_aif-apnf-2025.xlsx
2020,Formosa,98011673889.4127,35.09077791046122,3439305881085.932,https://www.argentina.gob.ar/sites/default/files/serie_aif-apnf-2025.xlsx
2020,Mendoza,174003567928.6894,35.09077791046122,6105920557813.492,https://www.argentina.gob.ar/sites/default/files/serie_aif-apnf-2025.xlsx
2020,Entre Ríos,176924453690.79663,35.09077791046122,6208416711393.426,https://www.argentina.gob.ar/sites/default/files/serie_aif-apnf-2025.xlsx
2020,Jujuy,78625779599.90562,35.09077791046122,2759039769977.1606,https://www.argentina.gob.ar/sites/default/files/serie_aif-apnf-2025.xlsx
2020,Santiago del Estero,87621486403.59418,35.09077791046122,3074706119573.0205,https://www.argentina.gob.ar/sites/default/files/serie_aif-apnf-2025.xlsx
2020,Corrientes,121749399793.50372,35.09077791046122,4272281148885.7925,https://www.argentina.gob.ar/sites/default/files/serie_aif-apnf-2025.xlsx
2020,Misiones,136633518886.16986,35.09077791046122,4794576466359.3955,https://www.argentina.gob.ar/sites/default/files/serie_aif-apnf-2025.xlsx
2020,Salta,117643246974.48245,35.09077791046122,4128193052247.1025,https://www.argentina.gob.ar/sites/default/files/serie_aif-apnf-2025.xlsx
2020,Córdoba,380892480828.43713,35.09077791046122,13365813452515.295,https://www.argentina.gob.ar/sites/default/files/serie_aif-apnf-2025.xlsx
2020,La Pampa,79304809981.27795,35.09077791046122,2782867474284.353,https://www.argentina.gob.ar/sites/default/files/serie_aif-apnf-2025.xlsx
2020,Tierra del Fuego,51881226491.60785,35.09077791046122,1820552596539.3481,https://www.argentina.gob.ar/sites/default/files/serie_aif-apnf-2025.xlsx
2020,Santa Cruz,83048581442.05316,35.09077791046122,2914239327161.9385,https://www.argentina.gob.ar/sites/default/files/serie_aif-apnf-2025.xlsx
2020,Chubut,121487560634.56,35.09077791046122,4263093009111.036,https://www.argentina.gob.ar/sites/default/files/serie_aif-apnf-2025.xlsx
2020,San Juan,97098596728.64793,35.09077791046122,3407265293222.421,https://www.argentina.gob.ar/sites/default/files/serie_aif-apnf-2025.xlsx
2020,Río Negro,93293969047.0375,35.09077791046122,3273757948215.0366,https://www.argentina.gob.ar/sites/default/files/serie_aif-apnf-2025.xlsx
2020,Neuquén,186443574332.57678,35.09077791046122,6542450059737.02,https://www.argentina.gob.ar/sites/default/files/serie_aif-apnf-2025.xlsx
2020,Conjunto de provincias y CABA,4821179071402.231,35.09077791046122,169178924061139.38,https://www.argentina.gob.ar/sites/default/files/serie_aif-apnf-2025.xlsx
2021,Buenos Aires,2202489748387.7207,23.644582462005648,52076950477475.53,https://www.argentina.gob.ar/sites/default/files/serie_aif-apnf-2025.xlsx
2021,CABA,686524378413.5485,23.644582462005648,16232582277576.316,https://www.argentina.gob.ar/sites/default/files/serie_aif-apnf-2025.xlsx
2021,San Luis,99979758531.3454,23.644582462005648,2363979645125.809,https://www.argentina.gob.ar/sites/default/files/serie_aif-apnf-2025.xlsx
2021,Santa Fe,591149082750.5677,23.644582462005648,13977473234434.799,https://www.argentina.gob.ar/sites/default/files/serie_aif-apnf-2025.xlsx
2021,La Rioja,99186072237.92075,23.644582462005648,2345213264111.9663,https://www.argentina.gob.ar/sites/default/files/serie_aif-apnf-2025.xlsx
2021,Catamarca,119462379247.28181,23.644582462005648,2824638077219.747,https://www.argentina.gob.ar/sites/default/files/serie_aif-apnf-2025.xlsx
2021,Tucumán,239535230811.96942,23.644582462005648,5663710517489.167,https://www.argentina.gob.ar/sites/default/files/serie_aif-apnf-2025.xlsx
2021,Chaco,247521261683.6356,23.644582462005648,5852536882978.4,https://www.argentina.gob.ar/sites/default/files/serie_aif-apnf-2025.xlsx
2021,Formosa,162281260160.2759,23.644582462005648,3837072637897.8354,https://www.argentina.gob.ar/sites/default/files/serie_aif-apnf-2025.xlsx
2021,Mendoza,270470200906.00504,23.644582462005648,6395154968837.2705,https://www.argentina.gob.ar/sites/default/files/serie_aif-apnf-2025.xlsx
2021,Entre Ríos,273490338046.5655,23.644582462005648,6466564850503.818,https://www.argentina.gob.ar/sites/default/files/serie_aif-apnf-2025.xlsx
2021,Jujuy,123834263269.8234,23.644582462005648,2928009449505.056,https://www.argentina.gob.ar/sites/default/files/serie_aif-apnf-2025.xlsx
2021,Santiago del Estero,166505506892.9786,23.644582462005648,3936953188109.0825,https://www.argentina.gob.ar/sites/default/files/serie_aif-apnf-2025.xlsx
2021,Corrientes,178383381185.29034,23.644582462005648,4217800566286.9844,https://www.argentina.gob.ar/sites/default/files/serie_aif-apnf-2025.xlsx
2021,Misiones,232115003989.149,23.644582462005648,5488262352490.203,https://www.argentina.gob.ar/sites/default/files/serie_aif-apnf-2025.xlsx
2021,Salta,188800510857.40103,23.644582462005648,4464109247836.611,https://www.argentina.gob.ar/sites/default/files/serie_aif-apnf-2025.xlsx
2021,Córdoba,588930808693.7212,23.644582462005648,13925023070574.363,https://www.argentina.gob.ar/sites/default/files/serie_aif-apnf-2025.xlsx
2021,La Pampa,123529046139.57263,23.644582462005648,2920792717900.0254,https://www.argentina.gob.ar/sites/default/files/serie_aif-apnf-2025.xlsx
2021,Tierra del Fuego,87721166449.30698,23.644582462005648,2074130353773.962,https://www.argentina.gob.ar/sites/default/files/serie_aif-apnf-2025.xlsx
2021,Santa Cruz,130363224886.71118,23.644582462005648,3082384020846.8296,https://www.argentina.gob.ar/sites/default/files/serie_aif-apnf-2025.xlsx
2021,Chubut,158744907257.74582,23.644582462005648,3753457050079.21,https://www.argentina.gob.ar/sites/default/files/serie_aif-apnf-2025.xlsx
2021,San Juan,152826622818.79483,23.644582462005648,3613521685628.8286,https://www.argentina.gob.ar/sites/default/files/serie_aif-apnf-2025.xlsx
2021,Río Negro,142415460121.8568,23.644582462005648,3367354090715.72,https://www.argentina.gob.ar/sites/default/files/serie_aif-apnf-2025.xlsx
2021,Neuquén,277927024258.9162,23.644582462005648,6571468443509.788,https://www.argentina.gob.ar/sites/default/files/serie_aif-apnf-2025.xlsx
2021,Conjunto de provincias y CABA,7544186637998.1045,23.644582462005648,178379143070907.34,https://www.argentina.gob.ar/sites/default/files/serie_aif-apnf-2025.xlsx
2022,Buenos Aires,4046057323755.9116,13.712508603716923,55481595863134.805,https://www.argentina.gob.ar/sites/default/files/serie_aif-apnf-2025.xlsx
2022,CABA,1188110350928.1995,13.712508603716923,16291973409268.068,https://www.argentina.gob.ar/sites/default/files/serie_aif-apnf-2025.xlsx
2022,San Luis,204929254728.70035,13.712508603716923,2810094168620.6006,https://www.argentina.gob.ar/sites/default/files/serie_aif-apnf-2025.xlsx
2022,Santa Fe,1076840248473.6123,13.712508603716923,14766181172023.078,https://www.argentina.gob.ar/sites/default/files/serie_aif-apnf-2025.xlsx
2022,La Rioja,182284908434.42007,13.712508603716923,2499583375234.737,https://www.argentina.gob.ar/sites/default/files/serie_aif-apnf-2025.xlsx
2022,Catamarca,221649249618.076,13.712508603716923,3039367242395.267,https://www.argentina.gob.ar/sites/default/files/serie_aif-apnf-2025.xlsx
2022,Tucumán,417739361611.5271,13.712508603716923,5728254590209.28,https://www.argentina.gob.ar/sites/default/files/serie_aif-apnf-2025.xlsx
2022,Chaco,457779585963.55255,13.712508603716923,6277306511131.186,https://www.argentina.gob.ar/sites/default/files/serie_aif-apnf-2025.xlsx
2022,Formosa,300319088079.842,13.712508603716923,4118128079155.2534,https://www.argentina.gob.ar/sites/default/files/serie_aif-apnf-2025.xlsx
2022,Mendoza,482105607290.121,13.712508603716923,6610877287865.956,https://www.argentina.gob.ar/sites/default/files/serie_aif-apnf-2025.xlsx
2022,Entre Ríos,515271454968.7423,13.712508603716923,7065664259508.616,https://www.argentina.gob.ar/sites/default/files/serie_aif-apnf-2025.xlsx
2022,Jujuy,216240195243.10657,13.712508603716923,2965195537740.526,https://www.argentina.gob.ar/sites/default/files/serie_aif-apnf-2025.xlsx
2022,Santiago del Estero,306398321443.0212,13.712508603716923,4201489618951.8516,https://www.argentina.gob.ar/sites/default/files/serie_aif-apnf-2025.xlsx
2022,Corrientes,319098447350.1069,13.712508603716923,4375640204721.0522,https://www.argentina.gob.ar/sites/default/files/serie_aif-apnf-2025.xlsx
2022,Misiones,407536414611.9096,13.712508603716923,5588346591693.758,https://www.argentina.gob.ar/sites/default/files/serie_aif-apnf-2025.xlsx
2022,Salta,356415611907.71124,13.712508603716923,4887352144783.522,https://www.argentina.gob.ar/sites/default/files/serie_aif-apnf-2025.xlsx
2022,Córdoba,1072390487587.526,13.712508603716923,14705163787588.137,https://www.argentina.gob.ar/sites/default/files/serie_aif-apnf-2025.xlsx
2022,La Pampa,231050118474.2278,13.712508603716923,3168276737467.6636,https://www.argentina.gob.ar/sites/default/files/serie_aif-apnf-2025.xlsx
2022,Tierra del Fuego,167214750409.5228,13.712508603716923,2292933703658.9595,https://www.argentina.gob.ar/sites/default/files/serie_aif-apnf-2025.xlsx
2022,Santa Cruz,240698763274.74527,13.712508603716923,3300583862308.9673,https://www.argentina.gob.ar/sites/default/files/serie_aif-apnf-2025.xlsx
2022,Chubut,283631468918.05115,13.712508603716923,3889298957823.6455,https://www.argentina.gob.ar/sites/default/files/serie_aif-apnf-2025.xlsx
2022,San Juan,269853288801.33865,13.712508603716923,3700365544429.664,https://www.argentina.gob.ar/sites/default/files/serie_aif-apnf-2025.xlsx
2022,Río Negro,245871083830.86166,13.712508603716923,3371509352435.8955,https://www.argentina.gob.ar/sites/default/files/serie_aif-apnf-2025.xlsx
2022,Neuquén,557445114887.0658,13.712508603716923,7643970933988.858,https://www.argentina.gob.ar/sites/default/files/serie_aif-apnf-2025.xlsx
2022,Conjunto de provincias y CABA,13766930500591.898,13.712508603716923,188779152936139.34,https://www.argentina.gob.ar/sites/default/files/serie_aif-apnf-2025.xlsx
2023,Buenos Aires,9488177048421.406,5.872872977394749,55722858592411.15,https://www.argentina.gob.ar/sites/default/files/serie_aif-apnf-2025.xlsx
2023,CABA,3067685841285.9106,5.872872977394749,18016129280424.504,https://www.argentina.gob.ar/sites/default/files/serie_aif-apnf-2025.xlsx
2023,San Luis,552093912752.0809,5.872872977394749,3242377421185.8306,https://www.argentina.gob.ar/sites/default/files/serie_aif-apnf-2025.xlsx
2023,Santa Fe,2592025881484.3545,5.872872977394749,15222638756077.27,https://www.argentina.gob.ar/sites/default/files/serie_aif-apnf-2025.xlsx
2023,La Rioja,401718773918.9349,5.872872977394749,2359243331860.663,https://www.argentina.gob.ar/sites/default/files/serie_aif-apnf-2025.xlsx
2023,Catamarca,540815221146.0525,5.872872977394749,3176139098032.417,https://www.argentina.gob.ar/sites/default/files/serie_aif-apnf-2025.xlsx
2023,Tucumán,1020871355167.1705,5.872872977394749,5995447795157.634,https://www.argentina.gob.ar/sites/default/files/serie_aif-apnf-2025.xlsx
2023,Chaco,1082319216842.6783,5.872872977394749,6356323281510.414,https://www.argentina.gob.ar/sites/default/files/serie_aif-apnf-2025.xlsx
2023,Formosa,667421558161.2667,5.872872977394749,3919682033456.0015,https://www.argentina.gob.ar/sites/default/files/serie_aif-apnf-2025.xlsx
2023,Mendoza,1220416063962.171,5.872872977394749,7167348523221.8955,https://www.argentina.gob.ar/sites/default/files/serie_aif-apnf-2025.xlsx
2023,Entre Ríos,1246260544184.6003,5.872872977394749,7319129872735.015,https://www.argentina.gob.ar/sites/default/files/serie_aif-apnf-2025.xlsx
2023,Jujuy,546156345356.8275,5.872872977394749,3207506842078.7866,https://www.argentina.gob.ar/sites/default/files/serie_aif-apnf-2025.xlsx
2023,Santiago del Estero,674556680617.2303,5.872872977394749,3961585701318.0327,https://www.argentina.gob.ar/sites/default/files/serie_aif-apnf-2025.xlsx
2023,Corrientes,754737600224.323,5.872872977394749,4432478057381.1875,https://www.argentina.gob.ar/sites/default/files/serie_aif-apnf-2025.xlsx
2023,Misiones,937234398806.0575,5.872872977394749,5504258574232.908,https://www.argentina.gob.ar/sites/default/files/serie_aif-apnf-2025.xlsx
2023,Salta,863934568568.9292,5.872872977394749,5073777981985.655,https://www.argentina.gob.ar/sites/default/files/serie_aif-apnf-2025.xlsx
2023,Córdoba,2717204660786.312,5.872872977394749,15957797826382.998,https://www.argentina.gob.ar/sites/default/files/serie_aif-apnf-2025.xlsx
2023,La Pampa,490426975635.31036,5.872872977394749,2880215332594.0474,https://www.argentina.gob.ar/sites/default/files/serie_aif-apnf-2025.xlsx
2023,Tierra del Fuego,390757757953.73193,5.872872977394749,2294870677393.8306,https://www.argentina.gob.ar/sites/default/files/serie_aif-apnf-2025.xlsx
2023,Santa Cruz,584023348472.5104,5.872872977394749,3429894941411.803,https://www.argentina.gob.ar/sites/default/files/serie_aif-apnf-2025.xlsx
2023,Chubut,615545178240.0066,5.872872977394749,3615018643651.369,https://www.argentina.gob.ar/sites/default/files/serie_aif-apnf-2025.xlsx
2023,San Juan,665211678536.9719,5.872872977394749,3906703691127.185,https://www.argentina.gob.ar/sites/default/files/serie_aif-apnf-2025.xlsx
2023,Río Negro,562591983945.7849,5.872872977394749,3304031259814.1006,https://www.argentina.gob.ar/sites/default/files/serie_aif-apnf-2025.xlsx
2023,Neuquén,1377491861623.604,5.872872977394749,8089834730710.451,https://www.argentina.gob.ar/sites/default/files/serie_aif-apnf-2025.xlsx
2023,Conjunto de provincias y CABA,33059678456094.23,5.872872977394749,194155292246155.16,https://www.argentina.gob.ar/sites/default/files/serie_aif-apnf-2025.xlsx
2024,Buenos Aires,25382640563035.35,1.8359353767938575,46600887766119.36,https://www.argentina.gob.ar/sites/default/files/serie_aif-apnf-2025.xlsx
2024,CABA,9228574839350.123,1.8359353767938575,16943067024952.582,https://www.argentina.gob.ar/sites/default/files/serie_aif-apnf-2025.xlsx
2024,San Luis,1063355066782.8799,1.8359353767938575,1952251185199.684,https://www.argentina.gob.ar/sites/default/files/serie_aif-apnf-2025.xlsx
2024,Santa Fe,7031230979999.999,1.8359353767938575,12908885698590.943,https://www.argentina.gob.ar/sites/default/files/serie_aif-apnf-2025.xlsx
2024,La Rioja,926507480172.0969,1.8359353767938575,1701007859712.0862,https://www.argentina.gob.ar/sites/default/files/serie_aif-apnf-2025.xlsx
2024,Catamarca,1390648687340.5288,1.8359353767938575,2553141121780.417,https://www.argentina.gob.ar/sites/default/files/serie_aif-apnf-2025.xlsx
2024,Tucumán,2462697816416.885,1.8359353767938575,4521354043512.743,https://www.argentina.gob.ar/sites/default/files/serie_aif-apnf-2025.xlsx
2024,Chaco,2991901859214.0513,1.8359353767938575,5492938467226.393,https://www.argentina.gob.ar/sites/default/files/serie_aif-apnf-2025.xlsx
2024,Formosa,1694242684365.8643,1.8359353767938575,3110520081101.4795,https://www.argentina.gob.ar/sites/default/files/serie_aif-apnf-2025.xlsx
2024,Mendoza,3060619694186.357,1.8359353767938575,5619099971468.73,https://www.argentina.gob.ar/sites/default/files/serie_aif-apnf-2025.xlsx
2024,Entre Ríos,3282783650132.2593,1.8359353767938575,6026978637638.284,https://www.argentina.gob.ar/sites/default/files/serie_aif-apnf-2025.xlsx
2024,Jujuy,1417693495895.2476,1.8359353767938575,2602793642564.6426,https://www.argentina.gob.ar/sites/default/files/serie_aif-apnf-2025.xlsx
2024,Santiago del Estero,1634522980340.0698,1.8359353767938575,3000878563788.865,https://www.argentina.gob.ar/sites/default/files/serie_aif-apnf-2025.xlsx
2024,Corrientes,2113385742650.7231,1.8359353767938575,3880039649744.2217,https://www.argentina.gob.ar/sites/default/files/serie_aif-apnf-2025.xlsx
2024,Misiones,2631059085694.0317,1.8359353767938575,4830454453860.574,https://www.argentina.gob.ar/sites/default/files/serie_aif-apnf-2025.xlsx
2024,Salta,2288045003174.789,1.8359353767938575,4200702765025.0093,https://www.argentina.gob.ar/sites/default/files/serie_aif-apnf-2025.xlsx
2024,Córdoba,7596553667811.496,1.8359353767938575,13946781620448.26,https://www.argentina.gob.ar/sites/default/files/serie_aif-apnf-2025.xlsx
2024,La Pampa,1449774187433.9385,1.8359353767938575,2661691719072.5366,https://www.argentina.gob.ar/sites/default/files/serie_aif-apnf-2025.xlsx
2024,Tierra del Fuego,1016296763881.9813,1.8359353767938575,1865855182132.0435,https://www.argentina.gob.ar/sites/default/files/serie_aif-apnf-2025.xlsx
2024,Santa Cruz,1585183902050.6965,1.8359353767938575,2910295204499.003,https://www.argentina.gob.ar/sites/default/files/serie_aif-apnf-2025.xlsx
2024,Chubut,1836447625332.0818,1.8359353767938575,3371599162976.2407,https://www.argentina.gob.ar/sites/default/files/serie_aif-apnf-2025.xlsx
2024,San Juan,1588595340519.3872,1.8359353767938575,2916558385069.4277,https://www.argentina.gob.ar/sites/default/files/serie_aif-apnf-2025.xlsx
2024,Río Negro,1598238333827.1064,1.8359353767938575,2934262297621.256,https://www.argentina.gob.ar/sites/default/files/serie_aif-apnf-2025.xlsx
2024,Neuquén,4355013007454.165,1.8359353767938575,7995522446782.514,https://www.argentina.gob.ar/sites/default/files/serie_aif-apnf-2025.xlsx
2024,Conjunto de provincias y CABA,89626012457062.1,1.8359353767938575,164547566950887.25,https://www.argentina.gob.ar/sites/default/files/serie_aif-apnf-2025.xlsx
2025,Buenos Aires,36572407413723.49,1.2936370027122257,47311419508659.64,https://www.argentina.gob.ar/sites/default/files/serie_aif-apnf-2025.xlsx
2025,CABA,13751709279978.654,1.2936370027122257,17789719975121.484,https://www.argentina.gob.ar/sites/default/files/serie_aif-apnf-2025.xlsx
2025,San Luis,1711982227132.4597,1.2936370027122257,2214683557004.236,https://www.argentina.gob.ar/sites/default/files/serie_aif-apnf-2025.xlsx
2025,Santa Fe,10748968469999.998,1.2936370027122257,13905263353779.016,https://www.argentina.gob.ar/sites/default/files/serie_aif-apnf-2025.xlsx
2025,La Rioja,1403298534573.5535,1.2936370027122257,1815358910176.1904,https://www.argentina.gob.ar/sites/default/files/serie_aif-apnf-2025.xlsx
2025,Catamarca,1970121677671.5088,1.2936370027122257,2548622302081.352,https://www.argentina.gob.ar/sites/default/files/serie_aif-apnf-2025.xlsx
2025,Tucumán,4073636440033.401,1.2936370027122257,5269806834424.11,https://www.argentina.gob.ar/sites/default/files/serie_aif-apnf-2025.xlsx
2025,Chaco,4415868243925.92,1.2936370027122257,5712530559444.427,https://www.argentina.gob.ar/sites/default/files/serie_aif-apnf-2025.xlsx
2025,Formosa,2746686222288.8,1.2936370027122257,3553214931992.649,https://www.argentina.gob.ar/sites/default/files/serie_aif-apnf-2025.xlsx
2025,Mendoza,4759554109243.1045,1.2936370027122257,6157135312127.907,https://www.argentina.gob.ar/sites/default/files/serie_aif-apnf-2025.xlsx
2025,Entre Ríos,4988125289569.853,1.2936370027122257,6452823448752.197,https://www.argentina.gob.ar/sites/default/files/serie_aif-apnf-2025.xlsx
2025,Jujuy,2320293228640.55,1.2936370027122257,3001617177712.0337,https://www.argentina.gob.ar/sites/default/files/serie_aif-apnf-2025.xlsx
2025,Santiago del Estero,2841396624375.5093,1.2936370027122257,3675735812673.7695,https://www.argentina.gob.ar/sites/default/files/serie_aif-apnf-2025.xlsx
2025,Corrientes,3260020834793.8335,1.2936370027122257,4217283581502.1025,https://www.argentina.gob.ar/sites/default/files/serie_aif-apnf-2025.xlsx
2025,Misiones,3815053535392.284,1.2936370027122257,4935294420711.555,https://www.argentina.gob.ar/sites/default/files/serie_aif-apnf-2025.xlsx
2025,Salta,3228163215196.8843,1.2936370027122257,4176071385973.159,https://www.argentina.gob.ar/sites/default/files/serie_aif-apnf-2025.xlsx
2025,Córdoba,11801930255278.303,1.2936370027122257,15267413681656.957,https://www.argentina.gob.ar/sites/default/files/serie_aif-apnf-2025.xlsx
2025,La Pampa,,1.2936370027122257,,https://www.argentina.gob.ar/sites/default/files/serie_aif-apnf-2025.xlsx
2025,Tierra del Fuego,1643327863966.8745,1.2936370027122257,2125869732415.5918,https://www.argentina.gob.ar/sites/default/files/serie_aif-apnf-2025.xlsx
2025,Santa Cruz,2479259261596.8115,1.2936370027122257,3207261520118.625,https://www.argentina.gob.ar/sites/default/files/serie_aif-apnf-2025.xlsx
2025,Chubut,2968221945909.0874,1.2936370027122257,3839801741490.482,https://www.argentina.gob.ar/sites/default/files/serie_aif-apnf-2025.xlsx
2025,San Juan,2521645424151.199,1.2936370027122257,3262093828401.9565,https://www.argentina.gob.ar/sites/default/files/serie_aif-apnf-2025.xlsx
2025,Río Negro,2553644855810.243,1.2936370027122257,3303489477261.857,https://www.argentina.gob.ar/sites/default/files/serie_aif-apnf-2025.xlsx
2025,Neuquén,7334907848292.538,1.2936370027122257,9488708204035.54,https://www.argentina.gob.ar/sites/default/files/serie_aif-apnf-2025.xlsx
2025,Conjunto de provincias y CABA,133910222801544.84,1.2936370027122257,173231219257516.8,https://www.argentina.gob.ar/sites/default/files/serie_aif-apnf-2025.xlsx
