clasificacion,concepto,fila_Analisis,devengado_nominal_1S2025,devengado_nominal_1S2026,devengado_1S2025_precios_2T2026,devengado_1S2026_precios_2T2026,variacion_real_pct
Funciones,Administración Fiscal,84,77449531292.43997,108575653008.34003,106244822290.2,112511032647.71,5.8979
Funciones,Control De La Gestión,85,58353715674.87004,83228754256.29996,80049292079.51,86245422688.27,7.7404
Funciones,Dirección Ejecutiva,86,219293993638.0396,287094066470.62006,300826241225.51,297499936594.07,-1.1057
Funciones,Judicial,87,357320843824.26996,499082089311.30005,490170681722.38,517171572894.7,5.5085
Funciones,Legislativa,88,54086656588.92999,70811887300.07,74195764928.06,73378500088.34,-1.1015
Funciones,Deuda Pública - Intereses Y Gastos,89,52437163349.869995,94076034220.67,71932999574.56,97485867819.34,35.5232
Funciones,Seguridad Interior,92,829347775989.9504,1116490506387.7285,1137694516757.22,1156958271348.38,1.6932
Funciones,Sistema penal,93,0,22038942982.76001,0.0,22837755654.7,
Funciones,Ecología,95,121219940506.25002,150162036050.47983,166288818307.83,155604735245.98,-6.425
Funciones,Industria Y Comercio,96,15159536866.770012,20034319915.579994,20795765623.55,20760474007.22,-0.1697
Funciones,Transporte,97,115919691709.88005,149623957040.19012,159017967444.47,155047153288.92,-2.4971
Funciones,Turismo,98,25114820510.73,34872890523.37,34452366560.33,36136876136.44,4.8894
Funciones,Agua Potable Y Alcantarillado,100,33555453371.8,45864270232.759995,46031178250.68,47526643980.9,3.2488
Funciones,Cultura,101,86495188584.11012,142937075548.50995,118653603020.23,148117902384.36,24.8322
Funciones,Educación,102,1164847781516.1306,1576030090800.723,1597931497803.61,1633154101189.12,2.2043
Funciones,Promoción Y Acción Social,103,526068536865.37,702462903724.7291,721657798039.93,727924028130.96,0.8683
Funciones,Salud,104,925613649730.7803,1224578095601.252,1269751489569.44,1268963550081.37,-0.0621
Funciones,Servicios Urbanos,105,451952070486.85016,503612338497.2101,619985255059.26,521866023261.2,-15.8261
Funciones,Trabajo,106,43544203397.23998,43235972753.74001,59733688177.4,44803082526.04,-24.9953
Funciones,Vivienda Y Urbanismo,107,205391754032.3698,229294005949.83005,281755228764.98,237604883549.39,-15.6698
Incisos,Activos Financieros,111,14259902112.390015,72104161410.73999,19561651833.45,74717613329.91,281.9596
Incisos,Bienes De Consumo,112,150036203014.02014,189847669278.8096,205818801744.99,196728794388.92,-4.4165
Incisos,Bienes De Uso,113,370433774262.95026,468792088175.8803,508158924400.06,485783695297.64,-4.4032
Incisos,Gastos En Personal,114,2653527573406.426,3509818010132.2534,3640093887904.94,3637033144946.28,-0.0841
Incisos,Otros Gastos,115,9089744.64,22836044239.05,12469259.5,23663748250.51,189676.6924
Incisos,Servicio De La Deuda Y Disminución De Otros Pasivos,116,52437163349.869995,94076034220.66998,71932999574.56,97485867819.34,35.5232
Incisos,Servicios No Personales,117,1372814348744.4512,1757379162275.561,1883218840525.49,1821076261784.1,-3.2998
Incisos,Transferencias,118,749654253301.9097,989252720843.2003,1028371399956.15,1025108687700.72,-0.3173
Jurisdicciones,Auditoria General De La Ciudad De Buenos Aires,5,16096902734.65,24150058358.809994,22081638738.5,25025389478.83,13.3312
Jurisdicciones,Consejo De La Magistratura,6,133606412452.0,184681636461.0,183280509396.44,191375516090.15,4.4167
Jurisdicciones,Defensoria Del Pueblo,7,25925131764.829994,34710406456.01,35563946885.67,35968502751.6,1.1375
Jurisdicciones,Jefatura De Gabinete De Ministros,8,97810864697.97002,471256897886.98065,134176382535.46,488337843287.47,263.9522
Jurisdicciones,Jefatura De Gobierno,13,260239557190.72003,357695258860.26996,356995130186.25,370660105028.04,3.8278
Jurisdicciones,Legislatura De La Ciudad De Buenos Aires,43,54086656588.92999,70811887300.07,74195764928.06,73378500088.34,-1.1015
Jurisdicciones,Min.Infraestructura,44,342263564814.2498,0,469515192839.52,0.0,-100.0
Jurisdicciones,Ministerio De Cultura,45,95608918647.32007,154343222736.83984,131155765587.37,159937471165.51,21.9447
Jurisdicciones,Ministerio De Desarrollo Económico,48,40598638937.560005,61400839153.22999,55692979765.86,63626343725.84,14.2448
Jurisdicciones,Ministerio De Desarrollo Humano Y Hábitat,52,317845061486.9799,418448427753.9301,436018030193.02,433615303357.1,-0.5511
Jurisdicciones,Ministerio De Educación,55,1128949271087.019,1483262844285.672,1548686127336.19,1537024458749.93,-0.753
Jurisdicciones,Ministerio De Espacio Publico E Higiene Urbana,56,703812831569.0505,485853549034.5302,965486400857.22,503463557462.85,-47.8539
Jurisdicciones,Ministerio De Hacienda Y Finanzas,60,89890386874.51001,136038943823.53003,123311116538.83,140969744374.59,14.3204
Jurisdicciones,Ministerio De Justicia,63,85362157544.25,81624347513.75002,117099317545.93,84582863409.19,-27.7683
Jurisdicciones,Ministerio De Movilidad E Infraestructura,69,0,458798039587.0107,0.0,475427407346.25,
Jurisdicciones,Ministerio De Salud,70,953286966349.9995,1260447275478.853,1307713586399.8,1306132826585.24,-0.1209
Jurisdicciones,Ministerio De Seguridad,71,701113708573.3706,931983738937.8693,961783759430.86,965763962485.41,0.4138
Jurisdicciones,Ministerio Publico,74,189589408782.26004,264344907959.30997,260077662292.34,273926223288.59,5.3248
Jurisdicciones,Obligaciones A Cargo Del Tesoro,75,41649676998.149994,82098880142.15,57134787742.02,85074595713.5,48.9016
Jurisdicciones,Procuracion General  De La Ciudad,76,17369616680.430004,22937330976.86,23827540421.04,23768706177.53,-0.2469
Jurisdicciones,Servicio De La Deuda Publica,77,52437163349.869995,94076034220.66998,71932999574.56,97485867819.34,35.5232
Jurisdicciones,Sindicatura General De La Ciudad De Buenos Aires,78,3071366688.8000007,3727794180.05,4213283187.05,3862909971.75,-8.3159
Jurisdicciones,Tribunal Superior De Justicia,79,12558044123.730001,21413569468.769993,17227052817.15,22189715160.36,28.8074
Comunas,Comuna 1,15,5155748068.809999,7147141210.64,7072625595.05,7406192970.59,4.7163
Comunas,Comuna 2,22,2954232102.0899997,4775074361.3,4052598633.62,4948149354.61,22.0982
Comunas,Comuna 3,23,3079551391.54,2781241835.75,4224510915.27,2882049357.41,-31.7779
Comunas,Comuna 4,24,7585324480.24,8870131910.69,10405504564.95,9191634342.89,-11.6657
Comunas,Comuna 5,25,3844208320.709999,5973048998.559999,5273462899.84,6189545190.5,17.3716
Comunas,Comuna 6,26,3205678328.65,4920129169.090001,4397531123.34,5098461747.51,15.9392
Comunas,Comuna 7,27,5495759649.37,8260419904.81,7539051528.82,8559823015.96,13.5398
Comunas,Comuna 8,28,4690632679.4,4936994696.01,6434582974.68,5115938574.02,-20.4931
Comunas,Comuna 9,29,5885451268.63,10278351390.61,8073628254.41,10650895452.45,31.922
Comunas,Comuna 10,16,6049413048.040001,8533983039.2,8298550081.89,8843301584.98,6.5644
Comunas,Comuna 11,17,5438018030.97,8071470154.969999,7459841908.27,8364024686.56,12.1207
Comunas,Comuna 12,18,5202394587.08,9088536773.000002,7136615020.96,9417955400.26,31.9667
Comunas,Comuna 13,19,6989250745.09,7561182763.85,9587814037.89,7835241670.0,-18.2792
Comunas,Comuna 14,20,9365555206.460001,10930464646.489996,12847614852.6,11326644884.2,-11.8385
Comunas,Comuna 15,21,6577315408.85,8456407853.909999,9022723509.08,8762914647.73,-2.8795
