clasificacion,codigo,concepto,anio_minimo,USD_originales_minimo,USD_2T2026_minimo,USD_2026,variacion_USD_reales_pct
6,1,Administración Gubernamental,2005,228173607.2774298,390273746.0800956,1810702009.043979,363.9569090236395
6,2,Servicios De Seguridad,2005,24016831.57073911,41078979.01921025,1968629053.9452002,4692.302781002875
6,3,Servicios Sociales,2005,1254513080.1393201,2145750006.472732,8244810000.165203,284.2390760943464
6,4,Servicios Económicos,2005,381569802.79848933,652646369.1663787,1180442195.3516736,80.8701083956761
6,5,Deuda Pública - Intereses Y Gastos,2005,64836714.73422221,110898310.47849867,198576995.52022165,79.06223698396417
7,1.1,Legislativa,2005,33723658.57932647,57681774.51512722,147869840.03382826,156.35452667124335
7,1.2,Judicial,2005,35124517.529466376,60077838.09462873,958205127.422439,1494.939428268321
7,1.3,Dirección ejecutiva,2005,64916232.03720357,111034318.8279437,412242638.02951247,271.27497370278326
7,1.6,Administración fiscal,2005,75533820.77233957,129194903.5662174,161463153.6288322,24.976410966610672
7,1.7,Control de la gestión,2005,18875378.359093804,32284911.076178543,130921249.9293671,305.5183847973101
7,2.2,Seguridad interior,2005,24016831.57073911,41078979.01921025,1908786747.2430239,4546.626554059183
7,2.3,Sistema penal,2005,0.0,0.0,59842306.70217619,
7,3.1,Salud,2005,450710812.54572797,770906851.6287796,2263323137.7767177,193.59229756419288
7,3.2,Promoción y acción social,2005,109802868.84976579,187809525.68381658,1242970129.2005677,561.8248593488001
7,3.4,Educación,2005,493526484.1251587,844139828.6484334,2641308652.1353254,212.89942287930774
7,3.5,Cultura,2005,74379036.71531564,127219732.53208317,212285489.69946322,66.8652224574734
7,3.6,Trabajo,2005,10101604.933614202,17278033.361980155,124439984.8188136,620.2207694114102
7,3.7,Vivienda y Urbanismo,2005,104406176.73700142,178578890.85089043,462933980.71016985,159.232196204371
7,3.8,Agua potable y alcantarillado,2005,11586096.232736265,19817143.76674862,94142863.00223368,375.0576778889647
7,3.9,Servicios Urbanos,2005,0.0,0.0,1203405762.8219123,
7,4.3,Transporte,2005,87092024.04716405,148964338.53218323,800349120.3421559,437.27565149375886
7,4.4,Ecología,2005,50960813.82891768,87164628.51954643,313647046.49324304,259.8329412060863
7,4.5,Turismo,2005,2450928.7872992074,4192128.838248089,37425727.30586604,792.7618579944799
7,4.6,Industria y Comercio,2005,17057664.462257657,29175848.550127733,29020301.210408654,-0.5331373291571295
7,4.9,SERVICIOS URBANOS,2005,224008371.67285073,383149424.72627324,0.0,-100.0
7,5.1,Deuda Pública - Intereses y Gastos,2005,64836714.73422221,110898310.47849867,198576995.52022165,79.06223698396417
8,1,Gastos En Personal,2005,793630212.5524616,1357444621.88651,5465630066.45562,302.64110802986244
8,2,Bienes De Consumo,2005,94972496.55438554,162443292.39968762,519985440.88554984,220.1027467518565
8,3,Servicios No Personales,2005,388239629.7301394,664054605.0854261,3781359582.291484,469.43503641617514
8,4,Bienes De Uso,2005,308057104.8806775,526908443.80695975,1329216318.3155072,152.2670368900909
8,5,Transferencias,2005,270065156.6579899,461926081.7771511,1934948856.2236323,318.8871190774453
8,6,Activos Financieros,2005,33308721.41032417,56972055.78268197,158043432.7127662,177.40517792725905
8,7,Servicio De La Deuda Y Disminución De Otros Pasivos,2005,64836714.73422221,110898310.47849867,198576995.52022165,79.06223698396417
8,8,Otros Gastos,2005,0.0,0.0,15399561.621496893,
