mes,IPCBA_base2021_100
2012-07,6.436387689880368
2012-08,6.585092626209653
2012-09,6.68365287470697
2012-10,6.782213123204288
2012-11,6.922848799422683
2012-12,7.059449845585632
2013-01,7.221411423525667
2013-02,7.300374897467962
2013-03,7.413344539020443
2013-04,7.562049475349728
2013-05,7.675019116902209
2013-06,7.819689423176049
2013-07,8.011622538670826
2013-08,8.178195122388514
2013-09,8.352836966217094
2013-10,8.536700821600979
2013-11,8.739585075817677
2013-12,8.93728194853452
2014-01,9.366105485856181
2014-02,9.775908624345028
2014-03,10.132685196390872
2014-04,10.449115467882258
2014-05,10.709637294319611
2014-06,10.959784357757249
2014-07,11.203591288250612
2014-08,11.4583493574659
2014-09,11.71598930529222
2014-10,11.941928588397182
2014-11,12.159798611391253
2014-12,12.33674595810866
2015-01,12.578247385713196
2015-02,12.760958489652667
2015-03,12.973064755424673
2015-04,13.280273015360756
2015-05,13.574224633686086
2015-06,13.757512113347765
2015-07,14.038207090062349
2015-08,14.295270662166462
2015-09,14.532161083993348
2015-10,14.77942626881995
2015-11,15.068190505645424
2015-12,15.658399245184917
2016-01,16.30624555694506
2016-02,16.953515492982998
2016-03,17.516058197856573
2016-04,18.662469509325373
2016-05,19.60196193652202
2016-06,20.233669728060384
2016-07,20.66998614977073
2016-08,20.51321195333055
2016-09,20.788719548545277
2016-10,21.39160855397331
2016-11,21.815244709795113
2016-12,22.086141299232185
2017-01,22.503437322109715
2017-02,22.98816930448541
2017-03,23.652154136467338
2017-04,24.15244826334261
2017-05,24.589341060775165
2017-06,24.965138031653822
2017-07,25.405489083419614
2017-08,25.818174100519492
2017-09,26.227400863286135
2017-10,26.629711117386293
2017-11,26.96631453915491
2017-12,27.8562386542418
2018-01,28.3063880932851
2018-02,29.040114387654018
2018-03,29.659141913303845
2018-04,30.559440791390447
2018-05,31.270112056871103
2018-06,32.41364148972886
2018-07,33.28569795742735
2018-08,34.50127435556093
2018-09,36.57565057978225
2018-10,38.50247461911869
2018-11,39.57741534103388
2018-12,40.519789646841566
2019-01,42.0667820852439
2019-02,43.48408998614977
2019-03,45.21725178282482
2019-04,46.88931775294597
2019-05,48.36138134746146
2019-06,49.697996647258414
2019-07,50.79541602233965
2019-08,52.519355807459405
2019-09,55.159732990887534
2019-10,56.684823151846025
2019-11,58.95459074589536
2019-12,61.00937019556165
2020-01,62.4952668074101
2020-02,63.64974737898977
2020-03,65.39731856872001
2020-04,66.68378918068498
2020-05,67.32414260805643
2020-06,68.27804442830825
2020-07,69.37949843344494
2020-08,71.05156440356609
2020-09,72.64409052402274
2020-10,74.44468828019595
2020-11,76.71560862568971
2020-12,79.5986399881668
2021-01,82.6517021886948
2021-02,85.0073497653529
2021-03,88.31286453220739
2021-04,91.86737361105509
2021-05,95.17865213513161
2021-06,98.23344346282624
2021-07,101.12800233974745
2021-08,104.0773169102783
2021-09,107.60127807584904
2021-10,111.57365955329648
2021-11,114.3731164360536
2021-12,118.76509943926742
2022-01,123.54671243069284
2022-02,128.59
2022-03,136.12
2022-04,143.28
2022-05,151.18
2022-06,158.92
2022-07,171.1
2022-08,181.72
2022-09,191.95
2022-10,205.31
2022-11,217.2
2022-12,229.69
2023-01,246.41
2023-02,261.19
2023-03,279.75
2023-04,301.46
2023-05,324.2
2023-06,347.38
2023-07,372.82
2023-08,413.08
2023-09,462.47
2023-10,505.82
2023-11,565.99
2023-12,685.4
2024-01,834.2
2024-02,951.99
2024-03,1077.95
2024-04,1183.17
2024-05,1234.95
2024-06,1294.53
2024-07,1360.55
2024-08,1417.46
2024-09,1474.29
2024-10,1522.05
2024-11,1570.26
2024-12,1622.53
2025-01,1673.49
2025-02,1707.89
2025-03,1761.98
2025-04,1802.79
2025-05,1831.11
2025-06,1870.43
2025-07,1916.97
2025-08,1947.42
2025-09,1990.42
2025-10,2033.44
2025-11,2082.5
2025-12,2137.99
2026-01,2203.37
2026-02,2260.6
2026-03,2328.35
2026-04,2386.16
2026-05,2436.43
2026-06,2480.63
2026-07,2553.4
2026-08,2596.6
