fecha,jefe_de_gobierno,asignacion_nominal,bruto_publicado_nominal,asignacion_2T2026,bruto_publicado_2T2026,liquidacion_transicion,fuente,fila
2012-01,Mauricio Macri,,6300.0,,,False,https://cdn.buenosaires.gob.ar/datosabiertos/datasets/sueldo-funcionarios/sueldos-funcionarios-2012.xlsx,2
2012-02,Mauricio Macri,,6300.0,,,False,https://cdn.buenosaires.gob.ar/datosabiertos/datasets/sueldo-funcionarios/sueldos-funcionarios-2012.xlsx,24
2012-03,Mauricio Macri,,6300.0,,,False,https://cdn.buenosaires.gob.ar/datosabiertos/datasets/sueldo-funcionarios/sueldos-funcionarios-2012.xlsx,46
2012-04,Mauricio Macri,,6300.0,,,False,https://cdn.buenosaires.gob.ar/datosabiertos/datasets/sueldo-funcionarios/sueldos-funcionarios-2012.xlsx,68
2012-05,Mauricio Macri,,6300.0,,,False,https://cdn.buenosaires.gob.ar/datosabiertos/datasets/sueldo-funcionarios/sueldos-funcionarios-2012.xlsx,90
2012-06,Mauricio Macri,,9450.0,,,False,https://cdn.buenosaires.gob.ar/datosabiertos/datasets/sueldo-funcionarios/sueldos-funcionarios-2012.xlsx,112
2012-07,Mauricio Macri,,6300.0,,2382821.35,False,https://cdn.buenosaires.gob.ar/datosabiertos/datasets/sueldo-funcionarios/sueldos-funcionarios-2012.xlsx,134
2012-08,Mauricio Macri,,6300.0,,2329012.34,False,https://cdn.buenosaires.gob.ar/datosabiertos/datasets/sueldo-funcionarios/sueldos-funcionarios-2012.xlsx,156
2012-09,Mauricio Macri,,6300.0,,2294667.64,False,https://cdn.buenosaires.gob.ar/datosabiertos/datasets/sueldo-funcionarios/sueldos-funcionarios-2012.xlsx,178
2012-10,Mauricio Macri,,6300.0,,2261321.15,False,https://cdn.buenosaires.gob.ar/datosabiertos/datasets/sueldo-funcionarios/sueldos-funcionarios-2012.xlsx,200
2012-11,Mauricio Macri,,6300.0,,2215383.07,False,https://cdn.buenosaires.gob.ar/datosabiertos/datasets/sueldo-funcionarios/sueldos-funcionarios-2012.xlsx,222
2012-12,Mauricio Macri,,6300.0,,2172515.19,False,https://cdn.buenosaires.gob.ar/datosabiertos/datasets/sueldo-funcionarios/sueldos-funcionarios-2012.xlsx,244
2013-01,Mauricio Macri,,6300.0,,2123790.09,False,https://cdn.buenosaires.gob.ar/datosabiertos/datasets/sueldo-funcionarios/sueldos-funcionarios-2013.xlsx,2
2013-02,Mauricio Macri,,6300.0,,2100818.41,False,https://cdn.buenosaires.gob.ar/datosabiertos/datasets/sueldo-funcionarios/sueldos-funcionarios-2013.xlsx,24
2013-03,Mauricio Macri,,6300.0,,2068804.7,False,https://cdn.buenosaires.gob.ar/datosabiertos/datasets/sueldo-funcionarios/sueldos-funcionarios-2013.xlsx,46
2013-04,Mauricio Macri,,6300.0,,2028122.41,False,https://cdn.buenosaires.gob.ar/datosabiertos/datasets/sueldo-funcionarios/sueldos-funcionarios-2013.xlsx,68
2013-05,Mauricio Macri,,6300.0,,1998270.2,False,https://cdn.buenosaires.gob.ar/datosabiertos/datasets/sueldo-funcionarios/sueldos-funcionarios-2013.xlsx,90
2013-06,Mauricio Macri,,9450.0,,2941950.98,False,https://cdn.buenosaires.gob.ar/datosabiertos/datasets/sueldo-funcionarios/sueldos-funcionarios-2013.xlsx,112
2013-07,Mauricio Macri,,6300.0,,1914314.1,False,https://cdn.buenosaires.gob.ar/datosabiertos/datasets/sueldo-funcionarios/sueldos-funcionarios-2013.xlsx,134
2013-08,Mauricio Macri,,6300.0,,1875323.56,False,https://cdn.buenosaires.gob.ar/datosabiertos/datasets/sueldo-funcionarios/sueldos-funcionarios-2013.xlsx,156
2013-09,Mauricio Macri,,6300.0,,1836114.13,False,https://cdn.buenosaires.gob.ar/datosabiertos/datasets/sueldo-funcionarios/sueldos-funcionarios-2013.xlsx,178
2013-10,Mauricio Macri,,6300.0,,1796567.82,False,https://cdn.buenosaires.gob.ar/datosabiertos/datasets/sueldo-funcionarios/sueldos-funcionarios-2013.xlsx,200
2013-11,Mauricio Macri,,6300.0,,1754861.57,False,https://cdn.buenosaires.gob.ar/datosabiertos/datasets/sueldo-funcionarios/sueldos-funcionarios-2013.xlsx,222
2013-12,Mauricio Macri,,6300.0,,1716043.21,False,https://cdn.buenosaires.gob.ar/datosabiertos/datasets/sueldo-funcionarios/sueldos-funcionarios-2013.xlsx,244
2014-01,Mauricio Macri,,6300.0,,1637474.83,False,https://cdn.buenosaires.gob.ar/datosabiertos/datasets/sueldo-funcionarios/sueldos-funcionarios-2014.xlsx,2
2014-02,Mauricio Macri,,6300.0,,1568832.38,False,https://cdn.buenosaires.gob.ar/datosabiertos/datasets/sueldo-funcionarios/sueldos-funcionarios-2014.xlsx,24
2014-03,Mauricio Macri,,6300.0,,1513593.06,False,https://cdn.buenosaires.gob.ar/datosabiertos/datasets/sueldo-funcionarios/sueldos-funcionarios-2014.xlsx,46
2014-04,Mauricio Macri,,6300.0,,1467756.96,False,https://cdn.buenosaires.gob.ar/datosabiertos/datasets/sueldo-funcionarios/sueldos-funcionarios-2014.xlsx,68
2014-05,Mauricio Macri,,6300.0,,1432052.42,False,https://cdn.buenosaires.gob.ar/datosabiertos/datasets/sueldo-funcionarios/sueldos-funcionarios-2014.xlsx,90
2014-06,Mauricio Macri,,9450.0,,2099050.7,False,https://cdn.buenosaires.gob.ar/datosabiertos/datasets/sueldo-funcionarios/sueldos-funcionarios-2014.xlsx,112
2014-07,Mauricio Macri,,6300.0,,1368914.81,False,https://cdn.buenosaires.gob.ar/datosabiertos/datasets/sueldo-funcionarios/sueldos-funcionarios-2014.xlsx,134
2014-08,Mauricio Macri,,6300.0,,1338479.18,False,https://cdn.buenosaires.gob.ar/datosabiertos/datasets/sueldo-funcionarios/sueldos-funcionarios-2014.xlsx,156
2014-09,Mauricio Macri,,6300.0,,1309045.41,False,https://cdn.buenosaires.gob.ar/datosabiertos/datasets/sueldo-funcionarios/sueldos-funcionarios-2014.xlsx,178
2014-10,Mauricio Macri,,6300.0,,1284278.49,False,https://cdn.buenosaires.gob.ar/datosabiertos/datasets/sueldo-funcionarios/sueldos-funcionarios-2014.xlsx,200
2014-11,Mauricio Macri,,6300.0,,1261267.76,False,https://cdn.buenosaires.gob.ar/datosabiertos/datasets/sueldo-funcionarios/sueldos-funcionarios-2014.xlsx,222
2014-12,Mauricio Macri,,6300.0,,1243177.26,False,https://cdn.buenosaires.gob.ar/datosabiertos/datasets/sueldo-funcionarios/sueldos-funcionarios-2014.xlsx,241
2015-01,Mauricio Macri,,6300.0,,1219308.34,False,https://cdn.buenosaires.gob.ar/datosabiertos/datasets/sueldo-funcionarios/sueldos-funcionarios-2015.csv,13
2015-02,Mauricio Macri,,6300.0,,1201850.32,False,https://cdn.buenosaires.gob.ar/datosabiertos/datasets/sueldo-funcionarios/sueldos-funcionarios-2015.csv,35
2015-03,Mauricio Macri,,6300.0,,1182200.37,False,https://cdn.buenosaires.gob.ar/datosabiertos/datasets/sueldo-funcionarios/sueldos-funcionarios-2015.csv,57
2015-04,Mauricio Macri,,6300.0,,1154852.91,False,https://cdn.buenosaires.gob.ar/datosabiertos/datasets/sueldo-funcionarios/sueldos-funcionarios-2015.csv,79
2015-05,Mauricio Macri,,6300.0,,1129844.42,False,https://cdn.buenosaires.gob.ar/datosabiertos/datasets/sueldo-funcionarios/sueldos-funcionarios-2015.csv,101
2015-06,Mauricio Macri,,9450.0,,1672187.73,False,https://cdn.buenosaires.gob.ar/datosabiertos/datasets/sueldo-funcionarios/sueldos-funcionarios-2015.csv,123
2015-07,Mauricio Macri,,6300.0,,1092501.48,False,https://cdn.buenosaires.gob.ar/datosabiertos/datasets/sueldo-funcionarios/sueldos-funcionarios-2015.csv,153
2015-08,Mauricio Macri,,6300.0,,1072855.66,False,https://cdn.buenosaires.gob.ar/datosabiertos/datasets/sueldo-funcionarios/sueldos-funcionarios-2015.csv,186
2015-09,Mauricio Macri,,6300.0,,1055366.91,False,https://cdn.buenosaires.gob.ar/datosabiertos/datasets/sueldo-funcionarios/sueldos-funcionarios-2015.csv,208
2015-10,Mauricio Macri,,6300.0,,1037710.24,False,https://cdn.buenosaires.gob.ar/datosabiertos/datasets/sueldo-funcionarios/sueldos-funcionarios-2015.csv,230
2015-11,Mauricio Macri,,6300.0,,1017823.74,False,https://cdn.buenosaires.gob.ar/datosabiertos/datasets/sueldo-funcionarios/sueldos-funcionarios-2015.csv,252
2015-12,Mauricio Macri,,4672.5,,726432.18,True,https://cdn.buenosaires.gob.ar/datosabiertos/datasets/sueldo-funcionarios/sueldos-funcionarios-2015.csv,274
2016-01,Horacio Rodríguez Larreta,,85410.1,,12751121.41,False,https://cdn.buenosaires.gob.ar/datosabiertos/datasets/sueldo-funcionarios/sueldos-funcionarios-2016.xlsx,271
2016-02,Horacio Rodríguez Larreta,,85410.1,,12264295.09,False,https://cdn.buenosaires.gob.ar/datosabiertos/datasets/sueldo-funcionarios/sueldos-funcionarios-2016.xlsx,272
2016-03,Horacio Rodríguez Larreta,,85410.1,,11870417.1,False,https://cdn.buenosaires.gob.ar/datosabiertos/datasets/sueldo-funcionarios/sueldos-funcionarios-2016.xlsx,273
2016-04,Horacio Rodríguez Larreta,,85410.1,,11141232.77,False,https://cdn.buenosaires.gob.ar/datosabiertos/datasets/sueldo-funcionarios/sueldos-funcionarios-2016.xlsx,274
2016-05,Horacio Rodríguez Larreta,,93951.0,,11667961.68,False,https://cdn.buenosaires.gob.ar/datosabiertos/datasets/sueldo-funcionarios/sueldos-funcionarios-2016.xlsx,275
2016-06,Horacio Rodríguez Larreta,,93951.0,,11303680.64,False,https://cdn.buenosaires.gob.ar/datosabiertos/datasets/sueldo-funcionarios/sueldos-funcionarios-2016.xlsx,276
2016-07,Horacio Rodríguez Larreta,,104285.77,,12282251.76,False,https://cdn.buenosaires.gob.ar/datosabiertos/datasets/sueldo-funcionarios/sueldos-funcionarios-2016.xlsx,277
2016-08,Horacio Rodríguez Larreta,,104285.77,,12376120.05,False,https://cdn.buenosaires.gob.ar/datosabiertos/datasets/sueldo-funcionarios/sueldos-funcionarios-2016.xlsx,278
2016-09,Horacio Rodríguez Larreta,,104285.77,,12212102.49,False,https://cdn.buenosaires.gob.ar/datosabiertos/datasets/sueldo-funcionarios/sueldos-funcionarios-2016.xlsx,279
2016-10,Horacio Rodríguez Larreta,,104285.77,,11867923.49,False,https://cdn.buenosaires.gob.ar/datosabiertos/datasets/sueldo-funcionarios/sueldos-funcionarios-2016.xlsx,280
2016-11,Horacio Rodríguez Larreta,,112628.63,,12568453.45,False,https://cdn.buenosaires.gob.ar/datosabiertos/datasets/sueldo-funcionarios/sueldos-funcionarios-2016.xlsx,281
2016-12,Horacio Rodríguez Larreta,,112628.63,,12414295.64,False,https://cdn.buenosaires.gob.ar/datosabiertos/datasets/sueldo-funcionarios/sueldos-funcionarios-2016.xlsx,282
2017-01,Horacio Rodríguez Larreta,,112629.0,,12184129.23,False,https://cdn.buenosaires.gob.ar/datosabiertos/datasets/sueldo-funcionarios/sueldos-funcionarios-2017.xlsx,25
2017-02,Horacio Rodríguez Larreta,,112629.0,,11927212.86,False,https://cdn.buenosaires.gob.ar/datosabiertos/datasets/sueldo-funcionarios/sueldos-funcionarios-2017.xlsx,59
2017-03,Horacio Rodríguez Larreta,,112629.0,,11592381.26,False,https://cdn.buenosaires.gob.ar/datosabiertos/datasets/sueldo-funcionarios/sueldos-funcionarios-2017.xlsx,93
2017-04,Horacio Rodríguez Larreta,,112629.0,,11352256.53,False,https://cdn.buenosaires.gob.ar/datosabiertos/datasets/sueldo-funcionarios/sueldos-funcionarios-2017.xlsx,127
2017-05,Horacio Rodríguez Larreta,,112629.0,,11150554.53,False,https://cdn.buenosaires.gob.ar/datosabiertos/datasets/sueldo-funcionarios/sueldos-funcionarios-2017.xlsx,161
2017-06,Horacio Rodríguez Larreta,,168943.0,,16474011.28,False,https://cdn.buenosaires.gob.ar/datosabiertos/datasets/sueldo-funcionarios/sueldos-funcionarios-2017.xlsx,195
2017-07,Horacio Rodríguez Larreta,,123891.0,,11871492.63,False,https://cdn.buenosaires.gob.ar/datosabiertos/datasets/sueldo-funcionarios/sueldos-funcionarios-2017.xlsx,229
2017-08,Horacio Rodríguez Larreta,,123891.0,,11681735.32,False,https://cdn.buenosaires.gob.ar/datosabiertos/datasets/sueldo-funcionarios/sueldos-funcionarios-2017.xlsx,264
2017-09,Horacio Rodríguez Larreta,,133803.0,,12419488.95,False,https://cdn.buenosaires.gob.ar/datosabiertos/datasets/sueldo-funcionarios/sueldos-funcionarios-2017.xlsx,300
2017-10,Horacio Rodríguez Larreta,,133803.0,,12231860.64,False,https://cdn.buenosaires.gob.ar/datosabiertos/datasets/sueldo-funcionarios/sueldos-funcionarios-2017.xlsx,310
2017-11,Horacio Rodríguez Larreta,,136479.0,,12320756.22,False,https://cdn.buenosaires.gob.ar/datosabiertos/datasets/sueldo-funcionarios/sueldos-funcionarios-2017.xlsx,345
2017-12,Horacio Rodríguez Larreta,,136479.0,,11927144.64,False,https://cdn.buenosaires.gob.ar/datosabiertos/datasets/sueldo-funcionarios/sueldos-funcionarios-2017.xlsx,380
2018-01,Horacio Rodríguez Larreta,143302.81,143302.81,12324331.7,12324331.7,False,https://cdn.buenosaires.gob.ar/datosabiertos/datasets/sueldo-funcionarios/sueldo_funcionarios_2018.xlsx,2
2018-02,Horacio Rodríguez Larreta,143302.81,143302.81,12012945.66,12012945.66,False,https://cdn.buenosaires.gob.ar/datosabiertos/datasets/sueldo-funcionarios/sueldo_funcionarios_2018.xlsx,33
2018-03,Horacio Rodríguez Larreta,151900.99,151900.99,12467952.84,12467952.84,False,https://cdn.buenosaires.gob.ar/datosabiertos/datasets/sueldo-funcionarios/sueldo_funcionarios_2018.xlsx,64
2018-04,Horacio Rodríguez Larreta,151900.99,151900.99,12100639.71,12100639.71,False,https://cdn.buenosaires.gob.ar/datosabiertos/datasets/sueldo-funcionarios/sueldo_funcionarios_2018.xlsx,95
2018-05,Horacio Rodríguez Larreta,151900.99,151900.99,11825630.24,11825630.24,False,https://cdn.buenosaires.gob.ar/datosabiertos/datasets/sueldo-funcionarios/sueldo_funcionarios_2018.xlsx,126
2018-06,Horacio Rodríguez Larreta,151900.99,227851.49,11408430.7,17112646.43,False,https://cdn.buenosaires.gob.ar/datosabiertos/datasets/sueldo-funcionarios/sueldo_funcionarios_2018.xlsx,157
2018-07,Horacio Rodríguez Larreta,151900.99,151900.99,11109539.69,11109539.69,False,https://cdn.buenosaires.gob.ar/datosabiertos/datasets/sueldo-funcionarios/sueldo_funcionarios_2018.xlsx,189
2018-08,Horacio Rodríguez Larreta,159496.04,159496.04,11254025.55,11254025.55,False,https://cdn.buenosaires.gob.ar/datosabiertos/datasets/sueldo-funcionarios/sueldo_funcionarios_2018.xlsx,221
2018-09,Horacio Rodríguez Larreta,167470.84,167470.84,11146544.84,11146544.84,False,https://cdn.buenosaires.gob.ar/datosabiertos/datasets/sueldo-funcionarios/sueldo_funcionarios_2018.xlsx,253
2018-10,Horacio Rodríguez Larreta,175844.38,175844.38,11118161.5,11118161.5,False,https://cdn.buenosaires.gob.ar/datosabiertos/datasets/sueldo-funcionarios/sueldo_funcionarios_2018.xlsx,285
2018-11,Horacio Rodríguez Larreta,184636.6,184636.6,11356996.56,11356996.56,False,https://cdn.buenosaires.gob.ar/datosabiertos/datasets/sueldo-funcionarios/sueldo_funcionarios_2018.xlsx,317
2018-12,Horacio Rodríguez Larreta,193868.43,290802.65,11647508.6,17471263.2,False,https://cdn.buenosaires.gob.ar/datosabiertos/datasets/sueldo-funcionarios/sueldo_funcionarios_2018.xlsx,349
2019-01,Horacio Rodríguez Larreta,197745.8,197745.8,11443558.79,11443558.79,False,https://cdn.buenosaires.gob.ar/datosabiertos/datasets/sueldo-funcionarios/sueldo_funcionarios_2019.xlsx,2
2019-02,Horacio Rodríguez Larreta,197745.8,197745.8,11070570.73,11070570.73,False,https://cdn.buenosaires.gob.ar/datosabiertos/datasets/sueldo-funcionarios/sueldo_funcionarios_2019.xlsx,34
2019-03,Horacio Rodríguez Larreta,217520.38,217520.38,11710863.49,11710863.49,False,https://cdn.buenosaires.gob.ar/datosabiertos/datasets/sueldo-funcionarios/sueldo_funcionarios_2019.xlsx,66
2019-04,Horacio Rodríguez Larreta,217520.38,217520.38,11293255.88,11293255.88,False,https://cdn.buenosaires.gob.ar/datosabiertos/datasets/sueldo-funcionarios/sueldo_funcionarios_2019.xlsx,97
2019-05,Horacio Rodríguez Larreta,217520.38,217520.38,10949502.44,10949502.44,False,https://cdn.buenosaires.gob.ar/datosabiertos/datasets/sueldo-funcionarios/sueldo_funcionarios_2019.xlsx,128
2019-06,Horacio Rodríguez Larreta,228396.4,342594.6,11187769.25,16781653.88,False,https://cdn.buenosaires.gob.ar/datosabiertos/datasets/sueldo-funcionarios/sueldo_funcionarios_2019.xlsx,159
2019-07,Horacio Rodríguez Larreta,228396.4,228396.4,10946060.93,10946060.93,False,https://cdn.buenosaires.gob.ar/datosabiertos/datasets/sueldo-funcionarios/sueldo_funcionarios_2019.xlsx,190
2019-08,Horacio Rodríguez Larreta,228396.4,228396.4,10586758.16,10586758.16,False,https://cdn.buenosaires.gob.ar/datosabiertos/datasets/sueldo-funcionarios/sueldo_funcionarios_2019.xlsx,221
2019-09,Horacio Rodríguez Larreta,239816.22,239816.22,10583992.58,10583992.58,False,https://cdn.buenosaires.gob.ar/datosabiertos/datasets/sueldo-funcionarios/sueldo_funcionarios_2019.xlsx,252
2019-10,Horacio Rodríguez Larreta,245811.62,245811.62,10556713.65,10556713.65,False,https://cdn.buenosaires.gob.ar/datosabiertos/datasets/sueldo-funcionarios/sueldo_funcionarios_2019.xlsx,283
2019-11,Horacio Rodríguez Larreta,245811.62,245811.62,10150277.34,10150277.34,False,https://cdn.buenosaires.gob.ar/datosabiertos/datasets/sueldo-funcionarios/sueldo_funcionarios_2019.xlsx,314
2019-12,Horacio Rodríguez Larreta,245811.62,368717.43,9808418.68,14712628.02,False,https://cdn.buenosaires.gob.ar/datosabiertos/datasets/sueldo-funcionarios/sueldo_funcionarios_2019.xlsx,368
2020-01,Horacio Rodríguez Larreta,245811.62,245811.62,9575212.28,9575212.28,False,https://cdn.buenosaires.gob.ar/datosabiertos/datasets/economia/sueldo-funcionarios/SUELDOS_FUNCIONARIOS_2020_AGOSTO_RevNM.xlsx,2
2020-02,Horacio Rodríguez Larreta,245811.62,245811.62,9401536.87,9401536.87,False,https://cdn.buenosaires.gob.ar/datosabiertos/datasets/economia/sueldo-funcionarios/SUELDOS_FUNCIONARIOS_2020_AGOSTO_RevNM.xlsx,3
2020-03,Horacio Rodríguez Larreta,245811.62,245811.62,9150305.54,9150305.54,False,https://cdn.buenosaires.gob.ar/datosabiertos/datasets/economia/sueldo-funcionarios/SUELDOS_FUNCIONARIOS_2020_AGOSTO_RevNM.xlsx,4
2020-04,Horacio Rodríguez Larreta,245811.62,245811.62,8973776.89,8973776.89,False,https://cdn.buenosaires.gob.ar/datosabiertos/datasets/economia/sueldo-funcionarios/SUELDOS_FUNCIONARIOS_2020_AGOSTO_RevNM.xlsx,5
2020-05,Horacio Rodríguez Larreta,245811.62,245811.62,8888422.83,8888422.83,False,https://cdn.buenosaires.gob.ar/datosabiertos/datasets/economia/sueldo-funcionarios/SUELDOS_FUNCIONARIOS_2020_AGOSTO_RevNM.xlsx,6
2020-06,Horacio Rodríguez Larreta,245811.62,245811.62,8764244.08,8764244.08,False,https://cdn.buenosaires.gob.ar/datosabiertos/datasets/economia/sueldo-funcionarios/SUELDOS_FUNCIONARIOS_2020_AGOSTO_RevNM.xlsx,7
2020-07,Horacio Rodríguez Larreta,245811.62,245811.62,8625104.82,8625104.82,False,https://cdn.buenosaires.gob.ar/datosabiertos/datasets/economia/sueldo-funcionarios/SUELDOS_FUNCIONARIOS_2020_AGOSTO_RevNM.xlsx,8
2020-08,Horacio Rodríguez Larreta,245811.62,368717.43,8422129.08,12633193.61,False,https://cdn.buenosaires.gob.ar/datosabiertos/datasets/economia/sueldo-funcionarios/SUELDOS_FUNCIONARIOS_2020_AGOSTO_RevNM.xlsx,9
2021-01,Horacio Rodríguez Larreta,293948.91,293948.91,8657912.27,8657912.27,False,https://cdn.buenosaires.gob.ar/datosabiertos/datasets/economia/sueldo-funcionarios/SUELDOS_FUNCIONARIOS_2021.xlsx,2
2021-02,Horacio Rodríguez Larreta,293948.91,293948.91,8417991.95,8417991.95,False,https://cdn.buenosaires.gob.ar/datosabiertos/datasets/economia/sueldo-funcionarios/SUELDOS_FUNCIONARIOS_2021.xlsx,3
2021-03,Horacio Rodríguez Larreta,365055.15,365055.15,10063003.79,10063003.79,False,https://cdn.buenosaires.gob.ar/datosabiertos/datasets/economia/sueldo-funcionarios/SUELDOS_FUNCIONARIOS_2021.xlsx,4
2021-04,Horacio Rodríguez Larreta,365055.15,365055.15,9673648.61,9673648.61,False,https://cdn.buenosaires.gob.ar/datosabiertos/datasets/economia/sueldo-funcionarios/SUELDOS_FUNCIONARIOS_2021.xlsx,5
2022-01,Horacio Rodríguez Larreta,488366.71,488366.71,9622944.64,9622944.64,False,https://cdn.buenosaires.gob.ar/datosabiertos/datasets/ministerio-de-economia-y-finanzas/sueldo-funcionarios/Sueldo_Funcionarios_2022.xlsx,350
2022-02,Horacio Rodríguez Larreta,488366.71,488366.71,9245533.67,9245533.67,False,https://cdn.buenosaires.gob.ar/datosabiertos/datasets/ministerio-de-economia-y-finanzas/sueldo-funcionarios/Sueldo_Funcionarios_2022.xlsx,351
2022-03,Horacio Rodríguez Larreta,566505.38,566505.38,10131534.48,10131534.48,False,https://cdn.buenosaires.gob.ar/datosabiertos/datasets/ministerio-de-economia-y-finanzas/sueldo-funcionarios/Sueldo_Funcionarios_2022.xlsx,352
2022-04,Horacio Rodríguez Larreta,566505.38,566505.38,9625240.6,9625240.6,False,https://cdn.buenosaires.gob.ar/datosabiertos/datasets/ministerio-de-economia-y-finanzas/sueldo-funcionarios/Sueldo_Funcionarios_2022.xlsx,353
2022-05,Horacio Rodríguez Larreta,623155.92,623155.92,10034494.81,10034494.81,False,https://cdn.buenosaires.gob.ar/datosabiertos/datasets/ministerio-de-economia-y-finanzas/sueldo-funcionarios/Sueldo_Funcionarios_2022.xlsx,354
2022-06,Horacio Rodríguez Larreta,837375.0,1256062.5,12827279.65,19240919.48,False,https://cdn.buenosaires.gob.ar/datosabiertos/datasets/ministerio-de-economia-y-finanzas/sueldo-funcionarios/Sueldo_Funcionarios_2022.xlsx,355
2022-07,Horacio Rodríguez Larreta,881337.19,881337.19,12539644.25,12539644.25,False,https://cdn.buenosaires.gob.ar/datosabiertos/datasets/ministerio-de-economia-y-finanzas/sueldo-funcionarios/Sueldo_Funcionarios_2022.xlsx,356
2022-08,Horacio Rodríguez Larreta,939505.45,939505.45,12586057.29,12586057.29,False,https://cdn.buenosaires.gob.ar/datosabiertos/datasets/ministerio-de-economia-y-finanzas/sueldo-funcionarios/Sueldo_Funcionarios_2022.xlsx,357
2022-09,Horacio Rodríguez Larreta,1001512.81,1001512.81,12701690.34,12701690.34,False,https://cdn.buenosaires.gob.ar/datosabiertos/datasets/ministerio-de-economia-y-finanzas/sueldo-funcionarios/Sueldo_Funcionarios_2022.xlsx,358
2022-10,Horacio Rodríguez Larreta,1094653.5,1094653.5,12979551.79,12979551.79,False,https://cdn.buenosaires.gob.ar/datosabiertos/datasets/ministerio-de-economia-y-finanzas/sueldo-funcionarios/Sueldo_Funcionarios_2022.xlsx,359
2022-11,Horacio Rodríguez Larreta,1182225.79,1182225.79,13250544.87,13250544.87,False,https://cdn.buenosaires.gob.ar/datosabiertos/datasets/ministerio-de-economia-y-finanzas/sueldo-funcionarios/Sueldo_Funcionarios_2022.xlsx,360
2022-12,Horacio Rodríguez Larreta,1249612.65,1874418.98,13244222.06,19866333.15,False,https://cdn.buenosaires.gob.ar/datosabiertos/datasets/ministerio-de-economia-y-finanzas/sueldo-funcionarios/Sueldo_Funcionarios_2022.xlsx,361
2023-01,Horacio Rodríguez Larreta,1324589.41,1324589.41,13086276.09,13086276.09,False,https://cdn.buenosaires.gob.ar/datosabiertos/datasets/ministerio-de-economia-y-finanzas/sueldo-funcionarios/Sueldo_Funcionarios_2023.xlsx,378
2023-02,Horacio Rodríguez Larreta,1417310.67,1417310.67,13209964.18,13209964.18,False,https://cdn.buenosaires.gob.ar/datosabiertos/datasets/ministerio-de-economia-y-finanzas/sueldo-funcionarios/Sueldo_Funcionarios_2023.xlsx,379
2023-03,Horacio Rodríguez Larreta,1495262.75,1495262.75,13011894.93,13011894.93,False,https://cdn.buenosaires.gob.ar/datosabiertos/datasets/ministerio-de-economia-y-finanzas/sueldo-funcionarios/Sueldo_Funcionarios_2023.xlsx,380
2023-04,Horacio Rodríguez Larreta,1614883.77,1614883.77,13040814.09,13040814.09,False,https://cdn.buenosaires.gob.ar/datosabiertos/datasets/ministerio-de-economia-y-finanzas/sueldo-funcionarios/Sueldo_Funcionarios_2023.xlsx,381
2023-05,Horacio Rodríguez Larreta,1744074.47,1744074.47,13096195.3,13096195.3,False,https://cdn.buenosaires.gob.ar/datosabiertos/datasets/ministerio-de-economia-y-finanzas/sueldo-funcionarios/Sueldo_Funcionarios_2023.xlsx,382
2023-06,Horacio Rodríguez Larreta,1935800.56,2903700.84,13565909.92,20348864.88,False,https://cdn.buenosaires.gob.ar/datosabiertos/datasets/ministerio-de-economia-y-finanzas/sueldo-funcionarios/Sueldo_Funcionarios_2023.xlsx,383
2023-07,Horacio Rodríguez Larreta,2090664.6,2090664.6,13651434.58,13651434.58,False,https://cdn.buenosaires.gob.ar/datosabiertos/datasets/ministerio-de-economia-y-finanzas/sueldo-funcionarios/Sueldo_Funcionarios_2023.xlsx,384
2023-08,Horacio Rodríguez Larreta,2257917.78,2257917.78,13306599.44,13306599.44,False,https://cdn.buenosaires.gob.ar/datosabiertos/datasets/ministerio-de-economia-y-finanzas/sueldo-funcionarios/Sueldo_Funcionarios_2023.xlsx,385
2023-09,Horacio Rodríguez Larreta,2506288.74,2506288.74,13192912.01,13192912.01,False,https://cdn.buenosaires.gob.ar/datosabiertos/datasets/ministerio-de-economia-y-finanzas/sueldo-funcionarios/Sueldo_Funcionarios_2023.xlsx,386
2023-10,Horacio Rodríguez Larreta,2756917.62,2756917.62,13268472.25,13268472.25,False,https://cdn.buenosaires.gob.ar/datosabiertos/datasets/ministerio-de-economia-y-finanzas/sueldo-funcionarios/Sueldo_Funcionarios_2023.xlsx,387
2023-11,Horacio Rodríguez Larreta,3115316.9,3115316.9,13399438.56,13399438.56,False,https://cdn.buenosaires.gob.ar/datosabiertos/datasets/ministerio-de-economia-y-finanzas/sueldo-funcionarios/Sueldo_Funcionarios_2023.xlsx,388
2023-12,Jorge Macri,2442408.46,2892466.0,8674956.87,10273473.17,True,https://cdn.buenosaires.gob.ar/datosabiertos/datasets/ministerio-de-economia-y-finanzas/sueldo-funcionarios/Sueldo_Funcionarios_2023.xlsx,268
2023-12,Horacio Rodríguez Larreta,1046746.48,2422678.11,3717838.65,8604878.53,True,https://cdn.buenosaires.gob.ar/datosabiertos/datasets/ministerio-de-economia-y-finanzas/sueldo-funcionarios/Sueldo_Funcionarios_2023.xlsx,389
2024-01,Jorge Macri,4084180.47,4084180.47,11918671.98,11918671.98,False,https://cdn.buenosaires.gob.ar/datosabiertos/datasets/ministerio-de-economia-y-finanzas/sueldo-funcionarios/Sueldo_Funcionarios_2024.xlsx,2
2024-02,Jorge Macri,4696807.53,4696807.53,12010566.88,12010566.88,False,https://cdn.buenosaires.gob.ar/datosabiertos/datasets/ministerio-de-economia-y-finanzas/sueldo-funcionarios/Sueldo_Funcionarios_2024.xlsx,3
2024-03,Jorge Macri,5354360.59,5354360.59,12092111.06,12092111.06,False,https://cdn.buenosaires.gob.ar/datosabiertos/datasets/ministerio-de-economia-y-finanzas/sueldo-funcionarios/Sueldo_Funcionarios_2024.xlsx,4
2024-04,Jorge Macri,5889796.64,5889796.64,12118427.79,12118427.79,False,https://cdn.buenosaires.gob.ar/datosabiertos/datasets/ministerio-de-economia-y-finanzas/sueldo-funcionarios/Sueldo_Funcionarios_2024.xlsx,5
2024-05,Jorge Macri,6243184.44,6243184.44,12306935.36,12306935.36,False,https://cdn.buenosaires.gob.ar/datosabiertos/datasets/ministerio-de-economia-y-finanzas/sueldo-funcionarios/Sueldo_Funcionarios_2024.xlsx,6
2024-06,Jorge Macri,6492911.83,9739367.75,12210136.38,18315204.58,False,https://cdn.buenosaires.gob.ar/datosabiertos/datasets/ministerio-de-economia-y-finanzas/sueldo-funcionarios/Sueldo_Funcionarios_2024.xlsx,7
2024-07,Jorge Macri,6817557.42,6817557.42,12198527.97,12198527.97,False,https://cdn.buenosaires.gob.ar/datosabiertos/datasets/ministerio-de-economia-y-finanzas/sueldo-funcionarios/Sueldo_Funcionarios_2024.xlsx,8
2024-08,Jorge Macri,7090259.7,7090259.7,12177116.45,12177116.45,False,https://cdn.buenosaires.gob.ar/datosabiertos/datasets/ministerio-de-economia-y-finanzas/sueldo-funcionarios/Sueldo_Funcionarios_2024.xlsx,9
2024-09,Jorge Macri,7302967.49,7302967.49,12058952.27,12058952.27,False,https://cdn.buenosaires.gob.ar/datosabiertos/datasets/ministerio-de-economia-y-finanzas/sueldo-funcionarios/Sueldo_Funcionarios_2024.xlsx,10
2024-10,Jorge Macri,7646206.96,7646206.96,12229543.84,12229543.84,False,https://cdn.buenosaires.gob.ar/datosabiertos/datasets/ministerio-de-economia-y-finanzas/sueldo-funcionarios/Sueldo_Funcionarios_2024.xlsx,11
2024-11,Jorge Macri,7837362.14,7837362.14,12150425.18,12150425.18,False,https://cdn.buenosaires.gob.ar/datosabiertos/datasets/ministerio-de-economia-y-finanzas/sueldo-funcionarios/Sueldo_Funcionarios_2024.xlsx,12
2024-12,Jorge Macri,7837362.14,11756043.209999999,11758997.76,17638496.65,False,https://cdn.buenosaires.gob.ar/datosabiertos/datasets/ministerio-de-economia-y-finanzas/sueldo-funcionarios/Sueldo_Funcionarios_2024.xlsx,13
2025-01,Jorge Macri,8282328.37,8282328.37,12048207.88,12048207.88,False,https://cdn.buenosaires.gob.ar/datosabiertos/datasets/ministerio-de-economia-y-finanzas/sueldo-funcionarios/sueldo_funcionarios_2025.xlsx,164
2025-02,Jorge Macri,8530798.22,8530798.22,12159701.19,12159701.19,False,https://cdn.buenosaires.gob.ar/datosabiertos/datasets/ministerio-de-economia-y-finanzas/sueldo-funcionarios/sueldo_funcionarios_2025.xlsx,165
2025-03,Jorge Macri,8530798.22,8530798.22,11786417.59,11786417.59,False,https://cdn.buenosaires.gob.ar/datosabiertos/datasets/ministerio-de-economia-y-finanzas/sueldo-funcionarios/sueldo_funcionarios_2025.xlsx,166
2025-04,Jorge Macri,8795252.97,8795252.97,11876714.68,11876714.68,False,https://cdn.buenosaires.gob.ar/datosabiertos/datasets/ministerio-de-economia-y-finanzas/sueldo-funcionarios/sueldo_funcionarios_2025.xlsx,167
2025-05,Jorge Macri,9322968.15,9322968.15,12394610.82,12394610.82,False,https://cdn.buenosaires.gob.ar/datosabiertos/datasets/ministerio-de-economia-y-finanzas/sueldo-funcionarios/sueldo_funcionarios_2025.xlsx,168
2025-06,Jorge Macri,9322968.15,13984452.23,12134052.5,18201078.76,False,https://cdn.buenosaires.gob.ar/datosabiertos/datasets/ministerio-de-economia-y-finanzas/sueldo-funcionarios/sueldo_funcionarios_2025.xlsx,169
2025-07,Jorge Macri,9322968.15,9322968.15,11839463.22,11839463.22,False,https://cdn.buenosaires.gob.ar/datosabiertos/datasets/ministerio-de-economia-y-finanzas/sueldo-funcionarios/sueldo_funcionarios_2025.xlsx,170
2025-08,Jorge Macri,9742501.71,9742501.71,12178785.84,12178785.84,False,https://cdn.buenosaires.gob.ar/datosabiertos/datasets/ministerio-de-economia-y-finanzas/sueldo-funcionarios/sueldo_funcionarios_2025.xlsx,171
2025-09,Jorge Macri,9742501.71,9742501.71,11915681.67,11915681.67,False,https://cdn.buenosaires.gob.ar/datosabiertos/datasets/ministerio-de-economia-y-finanzas/sueldo-funcionarios/sueldo_funcionarios_2025.xlsx,172
2025-10,Jorge Macri,9888639.24,9888639.24,11838544.19,11838544.19,False,https://cdn.buenosaires.gob.ar/datosabiertos/datasets/ministerio-de-economia-y-finanzas/sueldo-funcionarios/sueldo_funcionarios_2025.xlsx,173
2025-11,Jorge Macri,10383071.2,10383071.2,12137631.57,12137631.57,False,https://cdn.buenosaires.gob.ar/datosabiertos/datasets/ministerio-de-economia-y-finanzas/sueldo-funcionarios/sueldo_funcionarios_2025.xlsx,174
2025-12,Jorge Macri,10383071.2,15574606.8,11822608.03,17733912.05,False,https://cdn.buenosaires.gob.ar/datosabiertos/datasets/ministerio-de-economia-y-finanzas/sueldo-funcionarios/sueldo_funcionarios_2025.xlsx,175
2026-01,Jorge Macri,10663414.12,10663414.12,11781537.56,11781537.56,False,https://cdn.buenosaires.gob.ar/datosabiertos/datasets/ministerio-de-economia-y-finanzas/sueldo-funcionarios/sueldo_funcionarios_2026.xlsx,110
2026-02,Jorge Macri,11143267.76,11143267.76,12000020.05,12000020.05,False,https://cdn.buenosaires.gob.ar/datosabiertos/datasets/ministerio-de-economia-y-finanzas/sueldo-funcionarios/sueldo_funcionarios_2026.xlsx,111
2026-03,Jorge Macri,11143267.76,11143267.76,11650845.16,11650845.16,False,https://cdn.buenosaires.gob.ar/datosabiertos/datasets/ministerio-de-economia-y-finanzas/sueldo-funcionarios/sueldo_funcionarios_2026.xlsx,112
2026-04,Jorge Macri,11622428.27,11622428.27,11857426.52,11857426.52,False,https://cdn.buenosaires.gob.ar/datosabiertos/datasets/ministerio-de-economia-y-finanzas/sueldo-funcionarios/sueldo_funcionarios_2026.xlsx,113
2026-05,Jorge Macri,12203549.69,12203549.69,12193415.25,12193415.25,False,https://cdn.buenosaires.gob.ar/datosabiertos/datasets/ministerio-de-economia-y-finanzas/sueldo-funcionarios/sueldo_funcionarios_2026.xlsx,114
2026-06,Jorge Macri,12474468.49,18711702.740000002,12242022.9,18363034.35,False,https://cdn.buenosaires.gob.ar/datosabiertos/datasets/ministerio-de-economia-y-finanzas/sueldo-funcionarios/sueldo_funcionarios_2026.xlsx,115
2026-07,Jorge Macri,12474468.49,12474468.49,11893134.35,11893134.35,False,https://cdn.buenosaires.gob.ar/datosabiertos/datasets/ministerio-de-economia-y-finanzas/sueldo-funcionarios/sueldo_funcionarios_2026.xlsx,116
