año,trimestre,vigente_nominal,devengado_nominal,factor_IPCBA,vigente_constante_2T2026,devengado_constante_2T2026,tasa_ejecucion,fuente
2013,4,52008081032.0,50898380059.73,305.10137054943874,15867736802509.469,15529165514969.848,0.9786629125656989,https://cdn.buenosaires.gob.ar/datosabiertos/datasets/ministerio-de-economia-y-finanzas/presupuesto-ejecutado/historico_presupuesto_separados_por_cuatrimestres.zip
2014,4,71373667952.0,68869170371.43,220.95877503822598,15770638240659.008,15217247523170.059,0.9649100620378047,https://cdn.buenosaires.gob.ar/datosabiertos/datasets/ministerio-de-economia-y-finanzas/presupuesto-ejecutado/historico_presupuesto_separados_por_cuatrimestres.zip
2015,4,92347466755.0,89457327491.67,174.617990308671,16125529054854.908,15620858744980.041,0.9687036432629212,https://cdn.buenosaires.gob.ar/datosabiertos/datasets/ministerio-de-economia-y-finanzas/presupuesto-ejecutado/historico_presupuesto_separados_por_cuatrimestres.zip
2016,4,147046709866.0,144200783880.06998,123.50141274651749,18160476408178.27,17809000528343.887,0.980646109059336,https://cdn.buenosaires.gob.ar/datosabiertos/datasets/ministerio-de-economia-y-finanzas/presupuesto-ejecutado/historico_presupuesto_separados_por_cuatrimestres.zip
2017,4,201574563956.0,197216997140.68,96.81024412227465,19514482745421.426,19092625638251.17,0.9783823577250987,https://cdn.buenosaires.gob.ar/datosabiertos/datasets/ministerio-de-economia-y-finanzas/presupuesto-ejecutado/historico_presupuesto_separados_por_cuatrimestres.zip
2018,4,261418985442.0,252017581190.43,72.27133797193677,18893099849159.6,18213647785083.582,0.9640370257130546,https://cdn.buenosaires.gob.ar/datosabiertos/datasets/ministerio-de-economia-y-finanzas/presupuesto-ejecutado/historico_presupuesto_separados_por_cuatrimestres.zip
2019,4,391576644929.0,384880020538.24,47.82410256421602,18726801628836.094,18406541577138.355,0.9828983048976931,https://cdn.buenosaires.gob.ar/datosabiertos/datasets/ministerio-de-economia-y-finanzas/presupuesto-ejecutado/historico_presupuesto_separados_por_cuatrimestres.zip
2020,4,496832137024.0,482921154707.1,34.87428828958886,17326667178107.492,16841531570396.547,0.9720006390886344,https://cdn.buenosaires.gob.ar/datosabiertos/datasets/ministerio-de-economia-y-finanzas/presupuesto-ejecutado/presupuesto-ejecutado-2020-4-trimestre.xlsx
2021,4,708238766137.0,704425918316.15,24.369047815214394,17259104356580.998,17166188885722.568,0.9946164372763063,https://cdn.buenosaires.gob.ar/datosabiertos/datasets/ministerio-de-economia-y-finanzas/presupuesto-ejecutado/presupuesto-ejecutado-2021-4-trimestre.xlsx
2022,4,1213835397719.0,1210953040252.45,14.329826259214357,17394050356597.629,17352746674885.018,0.9976254132380993,https://cdn.buenosaires.gob.ar/datosabiertos/datasets/ministerio-de-economia-y-finanzas/presupuesto-ejecutado/presupuesto-ejecutado-2022-4.xlsx
2023,4,3142030725313.0,3129350016383.0107,6.129472069694101,19258989572926.73,19181263521716.44,0.9959641677505474,https://cdn.buenosaires.gob.ar/datosabiertos/datasets/ministerio-de-economia-y-finanzas/presupuesto-ejecutado/presupuesto-ejecutado-2023-4.xlsx
2024,4,10203519643533.0,9150363179486.56,1.8793754217884404,19176244033791.47,17196967659964.969,0.8967849819631669,https://cdn.buenosaires.gob.ar/datosabiertos/datasets/ministerio-de-economia-y-finanzas/presupuesto-ejecutado/presupuesto-ejecutado-2024-4.xlsx
2025,2,13599521431568.0,5363172307936.649,1.3717942577216278,18655745407587.19,7357168975199.1455,0.39436478224059723,https://cdn.buenosaires.gob.ar/datosabiertos/datasets/ministerio-de-economia-y-finanzas/presupuesto-ejecutado/presupuesto-ejecutado-2025-2.xlsx
2025,4,14044514112403.0,13751703241459.58,1.2837198101811222,18029220990460.07,17653333874793.617,0.9791512281165474,https://cdn.buenosaires.gob.ar/datosabiertos/datasets/ministerio-de-economia-y-finanzas/presupuesto-ejecutado/presupuesto-ejecutado-2025-4.xlsx
2026,2,19877152039294.0,7104105890576.16,1.0362455074441985,20597609501503.695,7361597813517.413,0.35740059121812123,https://cdn.buenosaires.gob.ar/datosabiertos/datasets/ministerio-de-economia-y-finanzas/presupuesto-ejecutado/presupuesto-ejecutado-2026-2.xlsx
